date,highT,avgT,lowT,avgH,hdd
2011-01-01,55.4,46.4,35.6,73,18.6
2011-01-02,51.8,44.6,37.4,85,20.4
2011-01-03,37.4,33.8,28.4,48,31.200000000000003
2011-01-04,39.2,32.0,24.8,52,33.0
2011-01-05,39.2,33.8,28.4,49,31.200000000000003
2011-01-06,32.0,26.6,21.2,49,38.4
2011-01-07,35.6,28.4,23.0,71,36.6
2011-01-08,33.8,30.2,26.6,85,34.8
2011-01-09,35.6,30.2,24.8,68,34.8
2011-01-10,35.6,28.4,23.0,52,36.6
2011-01-11,30.2,26.6,21.2,68,38.4
2011-01-12,35.6,32.0,28.4,84,33.0
2011-01-13,30.2,26.6,21.2,59,38.4
2011-01-14,24.8,21.2,17.6,61,43.8
2011-01-15,33.8,24.8,15.8,70,40.2
2011-01-16,35.6,28.4,21.2,56,36.6
2011-01-17,21.2,17.6,14.0,51,47.4
2011-01-18,39.2,28.4,17.6,78,36.6
2011-01-19,39.2,35.6,32.0,93,29.4
2011-01-20,32.0,28.4,26.6,71,36.6
2011-01-21,30.2,26.6,21.2,74,38.4
2011-01-22,26.6,21.2,17.6,52,43.8
2011-01-23,24.8,15.8,5.0,56,49.2
2011-01-24,12.2,6.8,-2.2,43,58.2
2011-01-25,32.0,21.2,12.2,63,43.8
2011-01-26,33.8,24.8,15.8,87,40.2
2011-01-27,35.6,30.2,24.8,66,34.8
2011-01-28,33.8,26.6,17.6,74,38.4
2011-01-29,37.4,32.0,26.6,72,33.0
2011-01-30,35.6,30.2,26.6,55,34.8
2011-01-31,26.6,21.2,15.8,48,43.8
2011-02-01,21.2,19.4,15.8,63,45.6
2011-02-02,35.6,28.4,19.4,87,36.6
2011-02-03,28.4,24.8,19.4,70,40.2
2011-02-04,33.8,24.8,15.8,54,40.2
2011-02-05,37.4,30.2,21.2,67,34.8
2011-02-06,42.8,39.2,35.6,75,25.799999999999997
2011-02-07,42.8,35.6,28.4,68,29.4
2011-02-08,39.2,28.4,17.6,74,36.6
2011-02-09,30.2,21.2,12.2,46,43.8
2011-02-10,28.4,24.8,19.4,44,40.2
2011-02-11,28.4,21.2,12.2,45,43.8
2011-02-12,39.2,30.2,21.2,61,34.8
2011-02-13,37.4,30.2,23.0,56,34.8
2011-02-14,51.8,44.6,35.6,54,20.4
2011-02-15,35.6,28.4,21.2,39,36.6
2011-02-16,41.0,30.2,19.4,42,34.8
2011-02-17,60.8,48.2,35.6,56,16.799999999999997
2011-02-18,60.8,48.2,37.4,57,16.799999999999997
2011-02-19,48.2,33.8,17.6,37,31.200000000000003
2011-02-20,35.6,26.6,17.6,40,38.4
2011-02-21,30.2,21.2,14.0,60,43.8
2011-02-22,37.4,26.6,12.2,42,38.4
2011-02-23,41.0,32.0,21.2,28,33.0
2011-02-24,44.6,33.8,24.8,43,31.200000000000003
2011-02-25,39.2,35.6,30.2,88,29.4
2011-02-26,37.4,33.8,28.4,58,31.200000000000003
2011-02-27,32.0,26.6,21.2,83,38.4
2011-02-28,46.4,35.6,24.8,84,29.4
2011-03-01,39.2,35.6,28.4,51,29.4
2011-03-02,48.2,35.6,23.0,50,29.4
2011-03-03,28.4,21.2,12.2,33,43.8
2011-03-04,37.4,28.4,19.4,50,36.6
2011-03-05,55.4,42.8,28.4,74,22.200000000000003
2011-03-06,60.8,53.6,46.4,71,11.399999999999999
2011-03-07,57.2,42.8,28.4,73,22.200000000000003
2011-03-08,39.2,32.0,24.8,55,33.0
2011-03-09,37.4,33.8,28.4,68,31.200000000000003
2011-03-10,39.2,37.4,35.6,84,27.6
2011-03-11,51.8,46.4,39.2,93,18.6
2011-03-12,51.8,44.6,37.4,67,20.4
2011-03-13,48.2,42.8,37.4,60,22.200000000000003
2011-03-14,42.8,37.4,32.0,66,27.6
2011-03-15,42.8,35.6,28.4,69,29.4
2011-03-16,44.6,39.2,33.8,84,25.799999999999997
2011-03-17,62.6,50.0,37.4,64,15.0
2011-03-18,69.8,57.2,46.4,43,7.799999999999997
2011-03-19,48.2,42.8,35.6,62,22.200000000000003
2011-03-20,39.2,35.6,30.2,52,29.4
2011-03-21,41.0,37.4,33.8,80,27.6
2011-03-22,44.6,39.2,35.6,71,25.799999999999997
2011-03-23,39.2,35.6,32.0,53,29.4
2011-03-24,39.2,35.6,30.2,74,29.4
2011-03-25,44.6,37.4,30.2,44,27.6
2011-03-26,41.0,33.8,26.6,33,31.200000000000003
2011-03-27,44.6,35.6,26.6,30,29.4
2011-03-28,48.2,37.4,28.4,31,27.6
2011-03-29,48.2,41.0,32.0,38,24.0
2011-03-30,55.4,44.6,33.8,45,20.4
2011-03-31,44.6,39.2,33.8,80,25.799999999999997
2011-04-01,39.2,37.4,33.8,86,27.6
2011-04-02,53.6,44.6,37.4,56,20.4
2011-04-03,55.4,48.2,39.2,35,16.799999999999997
2011-04-04,50.0,44.6,37.4,71,20.4
2011-04-05,64.4,50.0,35.6,78,15.0
2011-04-06,53.6,44.6,35.6,46,20.4
2011-04-07,46.4,39.2,33.8,61,25.799999999999997
2011-04-08,48.2,42.8,35.6,57,22.200000000000003
2011-04-09,60.8,48.2,35.6,58,16.799999999999997
2011-04-10,64.4,53.6,39.2,40,11.399999999999999
2011-04-11,71.6,60.8,46.4,79,4.200000000000003
2011-04-12,66.2,57.2,46.4,58,7.799999999999997
2011-04-13,48.2,46.4,42.8,81,18.6
2011-04-14,64.4,53.6,42.8,64,11.399999999999999
2011-04-15,46.4,42.8,37.4,55,22.200000000000003
2011-04-16,46.4,41.0,35.6,72,24.0
2011-04-17,62.6,55.4,46.4,61,9.600000000000001
2011-04-18,60.8,53.6,44.6,48,11.399999999999999
2011-04-19,51.8,46.4,42.8,76,18.6
2011-04-20,46.4,44.6,42.8,86,20.4
2011-04-21,55.4,48.2,41.0,62,16.799999999999997
2011-04-22,50.0,44.6,37.4,56,20.4
2011-04-23,55.4,46.4,39.2,73,18.6
2011-04-24,75.2,64.4,53.6,64,0.5999999999999943
2011-04-25,57.2,51.8,46.4,83,13.200000000000003
2011-04-26,53.6,50.0,46.4,90,15.0
2011-04-27,78.8,62.6,46.4,77,2.3999999999999986
2011-04-28,69.8,66.2,62.6,86,-1.2000000000000028
2011-04-29,75.2,66.2,57.2,58,-1.2000000000000028
2011-04-30,60.8,55.4,48.2,62,9.600000000000001
2011-05-01,55.4,51.8,46.4,60,13.200000000000003
2011-05-02,62.6,53.6,44.6,61,11.399999999999999
2011-05-03,71.6,62.6,53.6,64,2.3999999999999986
2011-05-04,66.2,57.2,48.2,83,7.799999999999997
2011-05-05,60.8,53.6,46.4,65,11.399999999999999
2011-05-06,71.6,59.0,46.4,44,6.0
2011-05-07,69.8,60.8,51.8,68,4.200000000000003
2011-05-08,57.2,53.6,48.2,83,11.399999999999999
2011-05-09,68.0,60.8,51.8,53,4.200000000000003
2011-05-10,57.2,53.6,50.0,67,11.399999999999999
2011-05-11,64.4,57.2,48.2,73,7.799999999999997
2011-05-12,60.8,55.4,51.8,67,9.600000000000001
2011-05-13,59.0,53.6,46.4,75,11.399999999999999
2011-05-14,59.0,51.8,44.6,86,13.200000000000003
2011-05-15,57.2,53.6,50.0,87,11.399999999999999
2011-05-16,50.0,48.2,48.2,87,16.799999999999997
2011-05-17,51.8,50.0,48.2,90,15.0
2011-05-18,53.6,51.8,50.0,97,13.200000000000003
2011-05-19,60.8,55.4,51.8,90,9.600000000000001
2011-05-20,64.4,57.2,51.8,90,7.799999999999997
2011-05-21,62.6,55.4,48.2,89,9.600000000000001
2011-05-22,53.6,51.8,48.2,84,13.200000000000003
2011-05-23,64.4,57.2,51.8,88,7.799999999999997
2011-05-24,82.4,73.4,64.4,74,-8.400000000000006
2011-05-25,73.4,68.0,60.8,68,-3.0
2011-05-26,80.6,69.8,57.2,74,-4.799999999999997
2011-05-27,87.8,75.2,64.4,70,-10.200000000000003
2011-05-28,75.2,68.0,60.8,83,-3.0
2011-05-29,84.2,75.2,66.2,69,-10.200000000000003
2011-05-30,87.8,75.2,64.4,69,-10.200000000000003
2011-05-31,73.4,69.8,64.4,64,-4.799999999999997
2011-06-01,82.4,73.4,64.4,76,-8.400000000000006
2011-06-02,75.2,66.2,57.2,62,-1.2000000000000028
2011-06-03,71.6,62.6,55.4,50,2.3999999999999986
2011-06-04,64.4,57.2,51.8,60,7.799999999999997
2011-06-05,62.6,55.4,48.2,69,9.600000000000001
2011-06-06,69.8,62.6,55.4,70,2.3999999999999986
2011-06-07,82.4,71.6,60.8,62,-6.599999999999994
2011-06-08,84.2,73.4,62.6,67,-8.400000000000006
2011-06-09,91.4,80.6,69.8,64,-15.599999999999994
2011-06-10,75.2,69.8,60.8,76,-4.799999999999997
2011-06-11,64.4,60.8,55.4,83,4.200000000000003
2011-06-12,57.2,55.4,53.6,88,9.600000000000001
2011-06-13,64.4,59.0,53.6,80,6.0
2011-06-14,60.8,57.2,55.4,73,7.799999999999997
2011-06-15,69.8,62.6,57.2,61,2.3999999999999986
2011-06-16,89.6,75.2,60.8,49,-10.200000000000003
2011-06-17,75.2,69.8,64.4,70,-4.799999999999997
2011-06-18,82.4,73.4,64.4,70,-8.400000000000006
2011-06-19,80.6,73.4,66.2,49,-8.400000000000006
2011-06-20,82.4,73.4,62.6,59,-8.400000000000006
2011-06-21,75.2,71.6,64.4,58,-6.599999999999994
2011-06-22,71.6,68.0,64.4,91,-3.0
2011-06-23,64.4,62.6,59.0,97,2.3999999999999986
2011-06-24,60.8,59.0,55.4,95,6.0
2011-06-25,62.6,59.0,53.6,89,6.0
2011-06-26,75.2,69.8,60.8,82,-4.799999999999997
2011-06-27,78.8,71.6,66.2,71,-6.599999999999994
2011-06-28,80.6,73.4,66.2,76,-8.400000000000006
2011-06-29,84.2,77.0,68.0,65,-12.0
2011-06-30,82.4,73.4,64.4,54,-8.400000000000006
2011-07-01,78.8,71.6,66.2,63,-6.599999999999994
2011-07-02,75.2,71.6,66.2,73,-6.599999999999994
2011-07-03,82.4,75.2,66.2,78,-10.200000000000003
2011-07-04,89.6,80.6,69.8,65,-15.599999999999994
2011-07-05,87.8,78.8,68.0,58,-13.799999999999997
2011-07-06,91.4,82.4,71.6,54,-17.400000000000006
2011-07-07,87.8,78.8,69.8,52,-13.799999999999997
2011-07-08,75.2,71.6,68.0,83,-6.599999999999994
2011-07-09,86.0,77.0,66.2,67,-12.0
2011-07-10,86.0,75.2,66.2,49,-10.200000000000003
2011-07-11,93.2,80.6,68.0,56,-15.599999999999994
2011-07-12,95.0,86.0,77.0,55,-21.0
2011-07-13,87.8,77.0,66.2,61,-12.0
2011-07-14,73.4,68.0,62.6,69,-3.0
2011-07-15,78.8,71.6,64.4,62,-6.599999999999994
2011-07-16,84.2,75.2,64.4,58,-10.200000000000003
2011-07-17,93.2,82.4,71.6,50,-17.400000000000006
2011-07-18,86.0,80.6,75.2,66,-15.599999999999994
2011-07-19,89.6,80.6,69.8,60,-15.599999999999994
2011-07-20,91.4,80.6,69.8,58,-15.599999999999994
2011-07-21,96.8,84.2,73.4,65,-19.200000000000003
2011-07-22,102.2,91.4,80.6,48,-26.400000000000006
2011-07-23,91.4,82.4,71.6,59,-17.400000000000006
2011-07-24,84.2,75.2,66.2,66,-10.200000000000003
2011-07-25,73.4,69.8,62.6,70,-4.799999999999997
2011-07-26,78.8,71.6,64.4,81,-6.599999999999994
2011-07-27,84.2,75.2,68.0,59,-10.200000000000003
2011-07-28,75.2,71.6,68.0,73,-6.599999999999994
2011-07-29,78.8,73.4,66.2,81,-8.400000000000006
2011-07-30,89.6,80.6,73.4,65,-15.599999999999994
2011-07-31,91.4,80.6,69.8,51,-15.599999999999994
2011-08-01,93.2,82.4,71.6,53,-17.400000000000006
2011-08-02,91.4,78.8,66.2,54,-13.799999999999997
2011-08-03,73.4,69.8,64.4,71,-4.799999999999997
2011-08-04,75.2,71.6,66.2,76,-6.599999999999994
2011-08-05,75.2,71.6,66.2,76,-6.599999999999994
2011-08-06,87.8,78.8,69.8,66,-13.799999999999997
2011-08-07,77.0,73.4,71.6,89,-8.400000000000006
2011-08-08,80.6,75.2,69.8,82,-10.200000000000003
2011-08-09,75.2,73.4,69.8,81,-8.400000000000006
2011-08-10,78.8,71.6,66.2,81,-6.599999999999994
2011-08-11,82.4,73.4,64.4,63,-8.400000000000006
2011-08-12,82.4,73.4,64.4,53,-8.400000000000006
2011-08-13,82.4,73.4,66.2,61,-8.400000000000006
2011-08-14,77.0,73.4,68.0,79,-8.400000000000006
2011-08-15,69.8,66.2,62.6,89,-1.2000000000000028
2011-08-16,73.4,68.0,62.6,77,-3.0
2011-08-17,84.2,75.2,64.4,56,-10.200000000000003
2011-08-18,87.8,78.8,68.0,63,-13.799999999999997
2011-08-19,87.8,80.6,71.6,71,-15.599999999999994
2011-08-20,84.2,78.8,71.6,76,-13.799999999999997
2011-08-21,86.0,78.8,69.8,76,-13.799999999999997
2011-08-22,80.6,73.4,68.0,61,-8.400000000000006
2011-08-23,78.8,71.6,62.6,50,-6.599999999999994
2011-08-24,80.6,73.4,64.4,62,-8.400000000000006
2011-08-25,87.8,78.8,68.0,73,-13.799999999999997
2011-08-26,84.2,77.0,69.8,72,-12.0
2011-08-27,78.8,75.2,69.8,82,-10.200000000000003
2011-08-28,75.2,71.6,66.2,80,-6.599999999999994
2011-08-29,80.6,71.6,62.6,61,-6.599999999999994
2011-08-30,77.0,69.8,62.6,57,-4.799999999999997
2011-08-31,80.6,71.6,62.6,63,-6.599999999999994
2011-09-01,71.6,66.2,62.6,72,-1.2000000000000028
2011-09-02,68.0,64.4,60.8,82,0.5999999999999943
2011-09-03,86.0,73.4,60.8,73,-8.400000000000006
2011-09-04,84.2,77.0,68.0,73,-12.0
2011-09-05,87.8,78.8,69.8,69,-13.799999999999997
2011-09-06,73.4,66.2,60.8,79,-1.2000000000000028
2011-09-07,62.6,62.6,60.8,94,2.3999999999999986
2011-09-08,64.4,60.8,57.2,92,4.200000000000003
2011-09-09,80.6,69.8,57.2,70,-4.799999999999997
2011-09-10,71.6,64.4,59.0,66,0.5999999999999943
2011-09-11,69.8,62.6,55.4,71,2.3999999999999986
2011-09-12,82.4,71.6,62.6,71,-6.599999999999994
2011-09-13,84.2,75.2,64.4,66,-10.200000000000003
2011-09-14,86.0,77.0,68.0,69,-12.0
2011-09-15,82.4,69.8,55.4,76,-4.799999999999997
2011-09-16,64.4,57.2,50.0,47,7.799999999999997
2011-09-17,62.6,55.4,48.2,55,9.600000000000001
2011-09-18,66.2,59.0,51.8,63,6.0
2011-09-19,64.4,57.2,51.8,69,7.799999999999997
2011-09-20,66.2,60.8,55.4,84,4.200000000000003
2011-09-21,75.2,66.2,59.0,79,-1.2000000000000028
2011-09-22,73.4,69.8,64.4,89,-4.799999999999997
2011-09-23,73.4,69.8,64.4,90,-4.799999999999997
2011-09-24,80.6,73.4,64.4,86,-8.400000000000006
2011-09-25,78.8,73.4,68.0,84,-8.400000000000006
2011-09-26,75.2,71.6,66.2,76,-6.599999999999994
2011-09-27,73.4,69.8,64.4,81,-4.799999999999997
2011-09-28,69.8,66.2,62.6,83,-1.2000000000000028
2011-09-29,71.6,66.2,62.6,91,-1.2000000000000028
2011-09-30,77.0,68.0,57.2,72,-3.0
2011-10-01,71.6,64.4,57.2,90,0.5999999999999943
2011-10-02,64.4,62.6,57.2,87,2.3999999999999986
2011-10-03,68.0,62.6,55.4,73,2.3999999999999986
2011-10-04,68.0,62.6,55.4,78,2.3999999999999986
2011-10-05,69.8,60.8,51.8,57,4.200000000000003
2011-10-06,66.2,57.2,48.2,38,7.799999999999997
2011-10-07,62.6,53.6,46.4,49,11.399999999999999
2011-10-08,82.4,69.8,55.4,48,-4.799999999999997
2011-10-09,87.8,75.2,64.4,43,-10.200000000000003
2011-10-10,84.2,75.2,64.4,52,-10.200000000000003
2011-10-11,66.2,62.6,57.2,62,2.3999999999999986
2011-10-12,62.6,60.8,57.2,74,4.200000000000003
2011-10-13,62.6,60.8,59.0,94,4.200000000000003
2011-10-14,66.2,62.6,59.0,94,2.3999999999999986
2011-10-15,68.0,62.6,55.4,58,2.3999999999999986
2011-10-16,66.2,60.8,53.6,47,4.200000000000003
2011-10-17,66.2,60.8,55.4,49,4.200000000000003
2011-10-18,68.0,62.6,55.4,55,2.3999999999999986
2011-10-19,59.0,57.2,53.6,90,7.799999999999997
2011-10-20,69.8,62.6,53.6,76,2.3999999999999986
2011-10-21,64.4,59.0,53.6,55,6.0
2011-10-22,62.6,57.2,50.0,57,7.799999999999997
2011-10-23,57.2,51.8,46.4,60,13.200000000000003
2011-10-24,62.6,53.6,42.8,62,11.399999999999999
2011-10-25,62.6,55.4,50.0,54,9.600000000000001
2011-10-26,50.0,48.2,48.2,64,16.799999999999997
2011-10-27,48.2,42.8,33.8,85,22.200000000000003
2011-10-28,48.2,42.8,35.6,64,22.200000000000003
2011-10-29,48.2,42.8,33.8,77,22.200000000000003
2011-10-30,48.2,41.0,33.8,69,24.0
2011-10-31,51.8,44.6,37.4,55,20.4
2011-11-01,53.6,46.4,39.2,62,18.6
2011-11-02,53.6,46.4,39.2,71,18.6
2011-11-03,62.6,53.6,42.8,65,11.399999999999999
2011-11-04,53.6,46.4,37.4,50,18.6
2011-11-05,48.2,42.8,35.6,51,22.200000000000003
2011-11-06,59.0,48.2,35.6,47,16.799999999999997
2011-11-07,64.4,53.6,42.8,58,11.399999999999999
2011-11-08,69.8,60.8,51.8,61,4.200000000000003
2011-11-09,66.2,57.2,46.4,74,7.799999999999997
2011-11-10,60.8,55.4,51.8,93,9.600000000000001
2011-11-11,57.2,50.0,41.0,61,15.0
2011-11-12,53.6,44.6,37.4,51,20.4
2011-11-13,62.6,53.6,42.8,62,11.399999999999999
2011-11-14,68.0,60.8,53.6,66,4.200000000000003
2011-11-15,66.2,62.6,55.4,69,2.3999999999999986
2011-11-16,59.0,55.4,51.8,84,9.600000000000001
2011-11-17,55.4,48.2,39.2,71,16.799999999999997
2011-11-18,44.6,41.0,35.6,51,24.0
2011-11-19,53.6,44.6,35.6,52,20.4
2011-11-20,66.2,57.2,48.2,63,7.799999999999997
2011-11-21,59.0,48.2,35.6,58,16.799999999999997
2011-11-22,46.4,39.2,33.8,69,25.799999999999997
2011-11-23,48.2,41.0,33.8,82,24.0
2011-11-24,46.4,39.2,30.2,66,25.799999999999997
2011-11-25,60.8,48.2,35.6,64,16.799999999999997
2011-11-26,62.6,53.6,44.6,56,11.399999999999999
2011-11-27,55.4,46.4,37.4,82,18.6
2011-11-28,66.2,60.8,53.6,71,4.200000000000003
2011-11-29,66.2,59.0,51.8,80,6.0
2011-11-30,64.4,53.6,44.6,70,11.399999999999999
2011-12-01,48.2,44.6,37.4,54,20.4
2011-12-02,50.0,42.8,35.6,46,22.200000000000003
2011-12-03,44.6,39.2,33.8,65,25.799999999999997
2011-12-04,53.6,44.6,35.6,79,20.4
2011-12-05,62.6,53.6,44.6,75,11.399999999999999
2011-12-06,60.8,55.4,48.2,89,9.600000000000001
2011-12-07,59.0,51.8,44.6,96,13.200000000000003
2011-12-08,46.4,42.8,37.4,71,22.200000000000003
2011-12-09,51.8,44.6,35.6,67,20.4
2011-12-10,46.4,39.2,30.2,61,25.799999999999997
2011-12-11,37.4,33.8,28.4,48,31.200000000000003
2011-12-12,48.2,39.2,30.2,42,25.799999999999997
2011-12-13,46.4,37.4,28.4,55,27.6
2011-12-14,42.8,39.2,37.4,68,25.799999999999997
2011-12-15,53.6,46.4,37.4,74,18.6
2011-12-16,53.6,48.2,41.0,61,16.799999999999997
2011-12-17,41.0,35.6,28.4,55,29.4
2011-12-18,28.4,24.8,19.4,44,40.2
2011-12-19,44.6,32.0,17.6,50,33.0
2011-12-20,44.6,39.2,32.0,47,25.799999999999997
2011-12-21,57.2,44.6,32.0,76,20.4
2011-12-22,57.2,51.8,44.6,65,13.200000000000003
2011-12-23,46.4,42.8,37.4,84,22.200000000000003
2011-12-24,30.2,26.6,21.2,56,38.4
2011-12-25,42.8,30.2,19.4,63,34.8
2011-12-26,42.8,37.4,30.2,63,27.6
2011-12-27,55.4,42.8,28.4,76,22.200000000000003
2011-12-28,57.2,42.8,28.4,69,22.200000000000003
2011-12-29,33.8,28.4,23.0,36,36.6
2011-12-30,44.6,35.6,26.6,63,29.4
2011-12-31,39.2,37.4,33.8,84,27.6
2012-01-01,51.8,46.4,39.2,73,18.6
2012-01-02,50.0,42.8,33.8,63,22.200000000000003
2012-01-03,35.6,24.8,14.0,44,40.2
2012-01-04,28.4,19.4,10.4,44,45.6
2012-01-05,39.2,32.0,24.8,48,33.0
2012-01-06,48.2,37.4,28.4,69,27.6
2012-01-07,60.8,44.6,30.2,61,20.4
2012-01-08,44.6,37.4,30.2,49,27.6
2012-01-09,39.2,33.8,24.8,44,31.200000000000003
2012-01-10,46.4,39.2,30.2,69,25.799999999999997
2012-01-11,37.4,33.8,30.2,62,31.200000000000003
2012-01-12,42.8,37.4,33.8,85,27.6
2012-01-13,53.6,42.8,30.2,73,22.200000000000003
2012-01-14,33.8,26.6,19.4,51,38.4
2012-01-15,19.4,12.2,6.8,48,52.8
2012-01-16,33.8,21.2,10.4,57,43.8
2012-01-17,48.2,41.0,33.8,83,24.0
2012-01-18,51.8,37.4,21.2,55,27.6
2012-01-19,33.8,24.8,17.6,59,40.2
2012-01-20,32.0,26.6,21.2,66,38.4
2012-01-21,23.0,19.4,15.8,62,45.6
2012-01-22,30.2,23.0,15.8,68,42.0
2012-01-23,46.4,37.4,28.4,85,27.6
2012-01-24,55.4,48.2,42.8,76,16.799999999999997
2012-01-25,42.8,39.2,35.6,55,25.799999999999997
2012-01-26,41.0,35.6,30.2,76,29.4
2012-01-27,46.4,42.8,37.4,83,22.200000000000003
2012-01-28,46.4,42.8,37.4,60,22.200000000000003
2012-01-29,42.8,39.2,33.8,50,25.799999999999997
2012-01-30,39.2,35.6,30.2,46,29.4
2012-01-31,46.4,39.2,30.2,71,25.799999999999997
2012-02-01,59.0,46.4,35.6,70,18.6
2012-02-02,44.6,37.4,30.2,66,27.6
2012-02-03,39.2,32.0,24.8,44,33.0
2012-02-04,42.8,35.6,28.4,50,29.4
2012-02-05,35.6,28.4,21.2,43,36.6
2012-02-06,50.0,39.2,28.4,44,25.799999999999997
2012-02-07,46.4,37.4,30.2,52,27.6
2012-02-08,37.4,30.2,21.2,38,34.8
2012-02-09,46.4,39.2,30.2,43,25.799999999999997
2012-02-10,50.0,39.2,30.2,46,25.799999999999997
2012-02-11,39.2,35.6,30.2,73,29.4
2012-02-12,30.2,23.0,15.8,40,42.0
2012-02-13,41.0,28.4,17.6,47,36.6
2012-02-14,44.6,35.6,28.4,51,29.4
2012-02-15,42.8,39.2,33.8,83,25.799999999999997
2012-02-16,44.6,39.2,35.6,75,25.799999999999997
2012-02-17,53.6,46.4,37.4,66,18.6
2012-02-18,46.4,41.0,33.8,57,24.0
2012-02-19,46.4,39.2,30.2,49,25.799999999999997
2012-02-20,41.0,35.6,28.4,38,29.4
2012-02-21,44.6,35.6,28.4,52,29.4
2012-02-22,57.2,46.4,35.6,61,18.6
2012-02-23,55.4,48.2,41.0,66,16.799999999999997
2012-02-24,42.8,39.2,35.6,70,25.799999999999997
2012-02-25,44.6,39.2,33.8,59,25.799999999999997
2012-02-26,41.0,33.8,26.6,36,31.200000000000003
2012-02-27,51.8,39.2,26.6,48,25.799999999999997
2012-02-28,48.2,41.0,33.8,45,24.0
2012-02-29,35.6,33.8,30.2,67,31.200000000000003
2012-03-01,37.4,30.2,24.8,90,34.8
2012-03-02,35.6,28.4,23.0,82,36.6
2012-03-03,46.4,41.0,33.8,79,24.0
2012-03-04,42.8,37.4,33.8,56,27.6
2012-03-05,37.4,32.0,24.8,42,33.0
2012-03-06,39.2,30.2,19.4,34,34.8
2012-03-07,62.6,46.4,32.0,51,18.6
2012-03-08,68.0,59.0,50.0,58,6.0
2012-03-09,60.8,48.2,35.6,53,16.799999999999997
2012-03-10,39.2,35.6,30.2,56,29.4
2012-03-11,57.2,44.6,30.2,47,20.4
2012-03-12,71.6,57.2,42.8,42,7.799999999999997
2012-03-13,71.6,60.8,48.2,68,4.200000000000003
2012-03-14,57.2,48.2,39.2,88,16.799999999999997
2012-03-15,42.8,39.2,37.4,75,25.799999999999997
2012-03-16,46.4,42.8,37.4,80,22.200000000000003
2012-03-17,48.2,44.6,39.2,78,20.4
2012-03-18,73.4,57.2,41.0,62,7.799999999999997
2012-03-19,73.4,60.8,44.6,60,4.200000000000003
2012-03-20,66.2,55.4,44.6,73,9.600000000000001
2012-03-21,78.8,66.2,55.4,65,-1.2000000000000028
2012-03-22,82.4,69.8,55.4,60,-4.799999999999997
2012-03-23,75.2,66.2,57.2,46,-1.2000000000000028
2012-03-24,59.0,53.6,46.4,44,11.399999999999999
2012-03-25,48.2,44.6,42.8,77,20.4
2012-03-26,50.0,41.0,32.0,58,24.0
2012-03-27,48.2,37.4,26.6,21,27.6
2012-03-28,50.0,44.6,39.2,50,20.4
2012-03-29,46.4,42.8,39.2,66,22.200000000000003
2012-03-30,51.8,44.6,35.6,38,20.4
2012-03-31,42.8,39.2,35.6,64,25.799999999999997
2012-04-01,51.8,42.8,33.8,73,22.200000000000003
2012-04-02,53.6,46.4,39.2,57,18.6
2012-04-03,59.0,48.2,35.6,25,16.799999999999997
2012-04-04,64.4,53.6,42.8,38,11.399999999999999
2012-04-05,51.8,46.4,39.2,49,18.6
2012-04-06,53.6,44.6,37.4,38,20.4
2012-04-07,51.8,44.6,37.4,42,20.4
2012-04-08,50.0,46.4,41.0,51,18.6
2012-04-09,57.2,51.8,42.8,52,13.200000000000003
2012-04-10,62.6,53.6,42.8,32,11.399999999999999
2012-04-11,53.6,48.2,44.6,56,16.799999999999997
2012-04-12,55.4,50.0,42.8,67,15.0
2012-04-13,64.4,53.6,41.0,51,11.399999999999999
2012-04-14,71.6,60.8,48.2,28,4.200000000000003
2012-04-15,77.0,66.2,53.6,52,-1.2000000000000028
2012-04-16,87.8,73.4,59.0,59,-8.400000000000006
2012-04-17,84.2,71.6,57.2,48,-6.599999999999994
2012-04-18,62.6,55.4,48.2,44,9.600000000000001
2012-04-19,66.2,57.2,46.4,61,7.799999999999997
2012-04-20,77.0,62.6,48.2,54,2.3999999999999986
2012-04-21,78.8,66.2,53.6,68,-1.2000000000000028
2012-04-22,62.6,53.6,44.6,85,11.399999999999999
2012-04-23,62.6,53.6,44.6,86,11.399999999999999
2012-04-24,57.2,51.8,46.4,58,13.200000000000003
2012-04-25,62.6,53.6,42.8,58,11.399999999999999
2012-04-26,62.6,53.6,42.8,63,11.399999999999999
2012-04-27,57.2,48.2,39.2,64,16.799999999999997
2012-04-28,60.8,48.2,37.4,35,16.799999999999997
2012-04-29,59.0,48.2,39.2,27,16.799999999999997
2012-04-30,53.6,48.2,41.0,44,16.799999999999997
2012-05-01,50.0,48.2,44.6,78,16.799999999999997
2012-05-02,51.8,48.2,44.6,89,16.799999999999997
2012-05-03,50.0,48.2,46.4,90,16.799999999999997
2012-05-04,55.4,53.6,48.2,93,11.399999999999999
2012-05-05,57.2,53.6,50.0,89,11.399999999999999
2012-05-06,53.6,50.0,46.4,75,15.0
2012-05-07,59.0,53.6,48.2,66,11.399999999999999
2012-05-08,57.2,53.6,50.0,72,11.399999999999999
2012-05-09,62.6,60.8,55.4,91,4.200000000000003
2012-05-10,66.2,59.0,50.0,74,6.0
2012-05-11,64.4,55.4,46.4,50,9.600000000000001
2012-05-12,80.6,64.4,50.0,39,0.5999999999999943
2012-05-13,80.6,69.8,59.0,51,-4.799999999999997
2012-05-14,64.4,59.0,53.6,80,6.0
2012-05-15,73.4,64.4,55.4,77,0.5999999999999943
2012-05-16,73.4,66.2,60.8,87,-1.2000000000000028
2012-05-17,69.8,62.6,53.6,63,2.3999999999999986
2012-05-18,64.4,57.2,48.2,64,7.799999999999997
2012-05-19,66.2,59.0,51.8,57,6.0
2012-05-20,71.6,62.6,55.4,57,2.3999999999999986
2012-05-21,59.0,57.2,53.6,83,7.799999999999997
2012-05-22,62.6,60.8,55.4,97,4.200000000000003
2012-05-23,71.6,64.4,59.0,87,0.5999999999999943
2012-05-24,71.6,66.2,60.8,87,-1.2000000000000028
2012-05-25,73.4,66.2,57.2,87,-1.2000000000000028
2012-05-26,86.0,75.2,66.2,68,-10.200000000000003
2012-05-27,71.6,68.0,64.4,66,-3.0
2012-05-28,69.8,64.4,60.8,80,0.5999999999999943
2012-05-29,66.2,62.6,59.0,91,2.3999999999999986
2012-05-30,75.2,68.0,60.8,77,-3.0
2012-05-31,82.4,73.4,62.6,57,-8.400000000000006
2012-06-01,64.4,62.6,57.2,66,2.3999999999999986
2012-06-02,62.6,59.0,55.4,85,6.0
2012-06-03,62.6,57.2,53.6,85,7.799999999999997
2012-06-04,53.6,51.8,50.0,90,13.200000000000003
2012-06-05,55.4,53.6,50.0,83,11.399999999999999
2012-06-06,60.8,57.2,51.8,75,7.799999999999997
2012-06-07,64.4,60.8,53.6,86,4.200000000000003
2012-06-08,78.8,66.2,53.6,71,-1.2000000000000028
2012-06-09,78.8,69.8,59.0,54,-4.799999999999997
2012-06-10,75.2,68.0,59.0,56,-3.0
2012-06-11,73.4,66.2,57.2,68,-1.2000000000000028
2012-06-12,73.4,66.2,60.8,72,-1.2000000000000028
2012-06-13,64.4,64.4,62.6,97,0.5999999999999943
2012-06-14,68.0,64.4,60.8,73,0.5999999999999943
2012-06-15,69.8,62.6,57.2,62,2.3999999999999986
2012-06-16,64.4,60.8,53.6,72,4.200000000000003
2012-06-17,62.6,57.2,51.8,77,7.799999999999997
2012-06-18,64.4,60.8,55.4,74,4.200000000000003
2012-06-19,75.2,66.2,55.4,77,-1.2000000000000028
2012-06-20,96.8,82.4,66.2,64,-17.400000000000006
2012-06-21,96.8,87.8,80.6,52,-22.799999999999997
2012-06-22,95.0,84.2,73.4,59,-19.200000000000003
2012-06-23,80.6,73.4,64.4,74,-8.400000000000006
2012-06-24,84.2,73.4,64.4,54,-8.400000000000006
2012-06-25,73.4,66.2,60.8,75,-1.2000000000000028
2012-06-26,73.4,66.2,60.8,73,-1.2000000000000028
2012-06-27,77.0,69.8,60.8,58,-4.799999999999997
2012-06-28,82.4,73.4,64.4,56,-8.400000000000006
2012-06-29,89.6,78.8,66.2,58,-13.799999999999997
2012-06-30,89.6,80.6,69.8,45,-15.599999999999994
2012-07-01,91.4,80.6,69.8,53,-15.599999999999994
2012-07-02,84.2,77.0,69.8,55,-12.0
2012-07-03,86.0,77.0,68.0,54,-12.0
2012-07-04,84.2,75.2,68.0,73,-10.200000000000003
2012-07-05,82.4,77.0,69.8,63,-12.0
2012-07-06,80.6,73.4,68.0,68,-8.400000000000006
2012-07-07,86.0,80.6,73.4,64,-15.599999999999994
2012-07-08,89.6,80.6,71.6,51,-15.599999999999994
2012-07-09,84.2,75.2,66.2,47,-10.200000000000003
2012-07-10,82.4,73.4,64.4,50,-8.400000000000006
2012-07-11,80.6,73.4,66.2,59,-8.400000000000006
2012-07-12,86.0,75.2,62.6,62,-10.200000000000003
2012-07-13,89.6,80.6,69.8,53,-15.599999999999994
2012-07-14,91.4,82.4,71.6,55,-17.400000000000006
2012-07-15,91.4,82.4,71.6,60,-17.400000000000006
2012-07-16,87.8,80.6,71.6,65,-15.599999999999994
2012-07-17,96.8,87.8,75.2,54,-22.799999999999997
2012-07-18,89.6,80.6,69.8,72,-15.599999999999994
2012-07-19,73.4,69.8,66.2,65,-4.799999999999997
2012-07-20,71.6,68.0,64.4,74,-3.0
2012-07-21,73.4,68.0,60.8,69,-3.0
2012-07-22,84.2,73.4,60.8,56,-8.400000000000006
2012-07-23,86.0,75.2,66.2,69,-10.200000000000003
2012-07-24,91.4,80.6,68.0,69,-15.599999999999994
2012-07-25,82.4,73.4,64.4,51,-8.400000000000006
2012-07-26,84.2,75.2,66.2,73,-10.200000000000003
2012-07-27,78.8,71.6,64.4,83,-6.599999999999994
2012-07-28,71.6,68.0,62.6,90,-3.0
2012-07-29,73.4,69.8,64.4,81,-4.799999999999997
2012-07-30,80.6,71.6,62.6,72,-6.599999999999994
2012-07-31,73.4,68.0,62.6,83,-3.0
2012-08-01,78.8,73.4,68.0,79,-8.400000000000006
2012-08-02,86.0,77.0,68.0,75,-12.0
2012-08-03,91.4,82.4,71.6,65,-17.400000000000006
2012-08-04,82.4,78.8,73.4,75,-13.799999999999997
2012-08-05,87.8,80.6,71.6,76,-15.599999999999994
2012-08-06,84.2,78.8,71.6,65,-13.799999999999997
2012-08-07,77.0,71.6,66.2,62,-6.599999999999994
2012-08-08,82.4,75.2,66.2,73,-10.200000000000003
2012-08-09,82.4,75.2,69.8,78,-10.200000000000003
2012-08-10,84.2,77.0,69.8,83,-12.0
2012-08-11,80.6,75.2,71.6,84,-10.200000000000003
2012-08-12,84.2,78.8,71.6,79,-13.799999999999997
2012-08-13,86.0,78.8,71.6,69,-13.799999999999997
2012-08-14,82.4,77.0,69.8,61,-12.0
2012-08-15,84.2,75.2,66.2,74,-10.200000000000003
2012-08-16,84.2,75.2,66.2,68,-10.200000000000003
2012-08-17,86.0,75.2,66.2,61,-10.200000000000003
2012-08-18,71.6,68.0,64.4,81,-3.0
2012-08-19,73.4,66.2,60.8,72,-1.2000000000000028
2012-08-20,75.2,69.8,62.6,74,-4.799999999999997
2012-08-21,82.4,75.2,66.2,56,-10.200000000000003
2012-08-22,78.8,71.6,66.2,62,-6.599999999999994
2012-08-23,87.8,77.0,66.2,59,-12.0
2012-08-24,78.8,73.4,68.0,74,-8.400000000000006
2012-08-25,77.0,71.6,66.2,77,-6.599999999999994
2012-08-26,75.2,69.8,64.4,74,-4.799999999999997
2012-08-27,84.2,73.4,62.6,66,-8.400000000000006
2012-08-28,86.0,77.0,68.0,69,-12.0
2012-08-29,75.2,69.8,62.6,52,-4.799999999999997
2012-08-30,82.4,71.6,60.8,48,-6.599999999999994
2012-08-31,89.6,78.8,68.0,41,-13.799999999999997
2012-09-01,80.6,71.6,62.6,62,-6.599999999999994
2012-09-02,73.4,68.0,62.6,74,-3.0
2012-09-03,71.6,66.2,59.0,81,-1.2000000000000028
2012-09-04,73.4,68.0,62.6,87,-3.0
2012-09-05,82.4,73.4,66.2,74,-8.400000000000006
2012-09-06,78.8,71.6,64.4,76,-6.599999999999994
2012-09-07,82.4,75.2,68.0,80,-10.200000000000003
2012-09-08,82.4,75.2,69.8,80,-10.200000000000003
2012-09-09,75.2,69.8,62.6,65,-4.799999999999997
2012-09-10,69.8,62.6,55.4,66,2.3999999999999986
2012-09-11,73.4,62.6,53.6,49,2.3999999999999986
2012-09-12,73.4,62.6,53.6,64,2.3999999999999986
2012-09-13,82.4,71.6,60.8,69,-6.599999999999994
2012-09-14,80.6,71.6,60.8,71,-6.599999999999994
2012-09-15,73.4,66.2,59.0,61,-1.2000000000000028
2012-09-16,71.6,62.6,53.6,50,2.3999999999999986
2012-09-17,69.8,62.6,53.6,66,2.3999999999999986
2012-09-18,75.2,66.2,57.2,81,-1.2000000000000028
2012-09-19,71.6,64.4,55.4,62,0.5999999999999943
2012-09-20,62.6,57.2,51.8,66,7.799999999999997
2012-09-21,62.6,57.2,51.8,83,7.799999999999997
2012-09-22,66.2,62.6,55.4,83,2.3999999999999986
2012-09-23,71.6,64.4,55.4,63,0.5999999999999943
2012-09-24,66.2,59.0,51.8,51,6.0
2012-09-25,73.4,60.8,48.2,55,4.200000000000003
2012-09-26,73.4,66.2,59.0,76,-1.2000000000000028
2012-09-27,69.8,62.6,55.4,66,2.3999999999999986
2012-09-28,57.2,55.4,53.6,85,9.600000000000001
2012-09-29,57.2,55.4,53.6,87,9.600000000000001
2012-09-30,59.0,55.4,53.6,90,9.600000000000001
2012-10-01,68.0,59.0,50.0,73,6.0
2012-10-02,71.6,64.4,55.4,75,0.5999999999999943
2012-10-03,64.4,62.6,59.0,95,2.3999999999999986
2012-10-04,62.6,60.8,59.0,95,4.200000000000003
2012-10-05,75.2,66.2,57.2,73,-1.2000000000000028
2012-10-06,78.8,66.2,53.6,69,-1.2000000000000028
2012-10-07,57.2,53.6,48.2,67,11.399999999999999
2012-10-08,55.4,51.8,46.4,71,13.200000000000003
2012-10-09,57.2,55.4,53.6,69,9.600000000000001
2012-10-10,62.6,57.2,51.8,89,7.799999999999997
2012-10-11,59.0,51.8,44.6,57,13.200000000000003
2012-10-12,53.6,46.4,39.2,57,18.6
2012-10-13,53.6,44.6,35.6,46,20.4
2012-10-14,66.2,57.2,46.4,76,7.799999999999997
2012-10-15,73.4,66.2,60.8,76,-1.2000000000000028
2012-10-16,62.6,53.6,44.6,68,11.399999999999999
2012-10-17,55.4,48.2,42.8,63,16.799999999999997
2012-10-18,60.8,51.8,44.6,80,13.200000000000003
2012-10-19,68.0,60.8,53.6,85,4.200000000000003
2012-10-20,73.4,66.2,57.2,69,-1.2000000000000028
2012-10-21,64.4,57.2,48.2,54,7.799999999999997
2012-10-22,68.0,60.8,51.8,50,4.200000000000003
2012-10-23,66.2,59.0,51.8,59,6.0
2012-10-24,55.4,51.8,46.4,64,13.200000000000003
2012-10-25,59.0,51.8,44.6,63,13.200000000000003
2012-10-26,66.2,57.2,46.4,76,7.799999999999997
2012-10-27,60.8,55.4,48.2,86,9.600000000000001
2012-10-28,55.4,53.6,51.8,90,11.399999999999999
2012-10-29,60.8,57.2,53.6,95,7.799999999999997
2012-10-30,62.6,57.2,51.8,95,7.799999999999997
2012-10-31,55.4,51.8,46.4,86,13.200000000000003
2012-11-01,57.2,51.8,44.6,68,13.200000000000003
2012-11-02,51.8,48.2,44.6,63,16.799999999999997
2012-11-03,53.6,48.2,42.8,58,16.799999999999997
2012-11-04,53.6,46.4,37.4,60,18.6
2012-11-05,44.6,39.2,33.8,51,25.799999999999997
2012-11-06,41.0,35.6,30.2,49,29.4
2012-11-07,44.6,39.2,32.0,77,25.799999999999997
2012-11-08,39.2,35.6,32.0,90,29.4
2012-11-09,53.6,46.4,37.4,52,18.6
2012-11-10,55.4,48.2,39.2,56,16.799999999999997
2012-11-11,60.8,51.8,39.2,71,13.200000000000003
2012-11-12,66.2,57.2,46.4,80,7.799999999999997
2012-11-13,62.6,51.8,39.2,80,13.200000000000003
2012-11-14,44.6,41.0,35.6,60,24.0
2012-11-15,41.0,37.4,33.8,73,27.6
2012-11-16,44.6,39.2,35.6,68,25.799999999999997
2012-11-17,46.4,42.8,35.6,68,22.200000000000003
2012-11-18,46.4,39.2,33.8,68,25.799999999999997
2012-11-19,48.2,41.0,33.8,75,24.0
2012-11-20,48.2,41.0,33.8,77,24.0
2012-11-21,48.2,44.6,37.4,77,20.4
2012-11-22,50.0,44.6,39.2,79,20.4
2012-11-23,48.2,42.8,35.6,89,22.200000000000003
2012-11-24,48.2,41.0,33.8,63,24.0
2012-11-25,39.2,35.6,30.2,47,29.4
2012-11-26,46.4,39.2,33.8,49,25.799999999999997
2012-11-27,39.2,37.4,33.8,75,27.6
2012-11-28,35.6,33.8,32.0,69,31.200000000000003
2012-11-29,42.8,37.4,32.0,54,27.6
2012-11-30,37.4,33.8,30.2,46,31.200000000000003
2012-12-01,32.0,30.2,28.4,69,34.8
2012-12-02,51.8,42.8,32.0,84,22.200000000000003
2012-12-03,59.0,50.0,41.0,69,15.0
2012-12-04,57.2,48.2,39.2,86,16.799999999999997
2012-12-05,57.2,44.6,33.8,68,20.4
2012-12-06,41.0,35.6,30.2,46,29.4
2012-12-07,44.6,37.4,30.2,74,27.6
2012-12-08,46.4,44.6,42.8,93,20.4
2012-12-09,48.2,44.6,41.0,73,20.4
2012-12-10,60.8,51.8,42.8,95,13.200000000000003
2012-12-11,55.4,44.6,33.8,71,20.4
2012-12-12,39.2,35.6,30.2,54,29.4
2012-12-13,42.8,35.6,28.4,61,29.4
2012-12-14,48.2,39.2,30.2,49,25.799999999999997
2012-12-15,39.2,37.4,33.8,59,27.6
2012-12-16,39.2,37.4,33.8,77,27.6
2012-12-17,44.6,41.0,37.4,96,24.0
2012-12-18,50.0,46.4,41.0,95,18.6
2012-12-19,44.6,42.8,37.4,71,22.200000000000003
2012-12-20,42.8,37.4,33.8,67,27.6
2012-12-21,51.8,44.6,37.4,88,20.4
2012-12-22,37.4,33.8,30.2,63,31.200000000000003
2012-12-23,37.4,33.8,28.4,48,31.200000000000003
2012-12-24,39.2,35.6,30.2,49,29.4
2012-12-25,35.6,32.0,28.4,65,33.0
2012-12-26,39.2,30.2,23.0,69,34.8
2012-12-27,46.4,39.2,30.2,91,25.799999999999997
2012-12-28,37.4,33.8,28.4,65,31.200000000000003
2012-12-29,37.4,33.8,28.4,78,31.200000000000003
2012-12-30,30.2,26.6,21.2,69,38.4
2012-12-31,33.8,28.4,21.2,61,36.6
2013-01-01,37.4,28.4,19.4,53,36.6
2013-01-02,30.2,21.2,12.2,53,43.8
2013-01-03,24.8,15.8,6.8,46,49.2
2013-01-04,37.4,30.2,21.2,59,34.8
2013-01-05,42.8,35.6,26.6,52,29.4
2013-01-06,42.8,35.6,28.4,64,29.4
2013-01-07,39.2,33.8,28.4,63,31.200000000000003
2013-01-08,46.4,37.4,28.4,69,27.6
2013-01-09,46.4,37.4,28.4,64,27.6
2013-01-10,46.4,41.0,35.6,45,24.0
2013-01-11,39.2,35.6,30.2,71,29.4
2013-01-12,44.6,41.0,37.4,93,24.0
2013-01-13,51.8,46.4,39.2,97,18.6
2013-01-14,60.8,51.8,42.8,70,13.200000000000003
2013-01-15,42.8,39.2,35.6,51,25.799999999999997
2013-01-16,35.6,33.8,30.2,78,31.200000000000003
2013-01-17,42.8,35.6,30.2,70,29.4
2013-01-18,30.2,24.8,19.4,35,40.2
2013-01-19,48.2,37.4,24.8,52,27.6
2013-01-20,53.6,42.8,28.4,50,22.200000000000003
2013-01-21,30.2,26.6,23.0,61,38.4
2013-01-22,24.8,19.4,15.8,60,45.6
2013-01-23,17.6,12.2,8.6,44,52.8
2013-01-24,21.2,12.2,3.2,36,52.8
2013-01-25,24.8,17.6,10.4,48,47.4
2013-01-26,24.8,19.4,12.2,54,45.6
2013-01-27,32.0,23.0,14.0,41,42.0
2013-01-28,30.2,26.6,21.2,61,38.4
2013-01-29,33.8,30.2,26.6,85,34.8
2013-01-30,60.8,46.4,33.8,89,18.6
2013-01-31,60.8,46.4,32.0,65,18.6
2013-02-01,33.8,28.4,23.0,38,36.6
2013-02-02,30.2,24.8,19.4,42,40.2
2013-02-03,26.6,24.8,23.0,66,40.2
2013-02-04,30.2,26.6,21.2,57,38.4
2013-02-05,26.6,24.8,21.2,60,40.2
2013-02-06,39.2,33.8,26.6,62,31.200000000000003
2013-02-07,30.2,24.8,17.6,43,40.2
2013-02-08,33.8,26.6,19.4,82,38.4
2013-02-09,19.4,17.6,15.8,76,47.4
2013-02-10,35.6,26.6,15.8,43,38.4
2013-02-11,44.6,33.8,19.4,79,31.200000000000003
2013-02-12,44.6,39.2,35.6,71,25.799999999999997
2013-02-13,42.8,35.6,30.2,64,29.4
2013-02-14,42.8,37.4,32.0,57,27.6
2013-02-15,46.4,39.2,30.2,75,25.799999999999997
2013-02-16,37.4,35.6,32.0,70,29.4
2013-02-17,32.0,24.8,17.6,62,40.2
2013-02-18,33.8,24.8,15.8,38,40.2
2013-02-19,44.6,35.6,26.6,65,29.4
2013-02-20,42.8,35.6,26.6,69,29.4
2013-02-21,33.8,28.4,24.8,48,36.6
2013-02-22,37.4,32.0,26.6,63,33.0
2013-02-23,37.4,35.6,32.0,78,29.4
2013-02-24,37.4,33.8,28.4,93,31.200000000000003
2013-02-25,41.0,35.6,28.4,80,29.4
2013-02-26,41.0,35.6,28.4,83,29.4
2013-02-27,39.2,39.2,37.4,91,25.799999999999997
2013-02-28,44.6,39.2,33.8,83,25.799999999999997
2013-03-01,41.0,37.4,33.8,76,27.6
2013-03-02,42.8,37.4,33.8,62,27.6
2013-03-03,42.8,37.4,33.8,70,27.6
2013-03-04,41.0,35.6,30.2,60,29.4
2013-03-05,42.8,37.4,32.0,68,27.6
2013-03-06,41.0,37.4,35.6,77,27.6
2013-03-07,37.4,33.8,30.2,88,31.200000000000003
2013-03-08,42.8,35.6,28.4,73,29.4
2013-03-09,37.4,35.6,30.2,67,29.4
2013-03-10,37.4,33.8,28.4,80,31.200000000000003
2013-03-11,50.0,42.8,35.6,77,22.200000000000003
2013-03-12,53.6,46.4,39.2,92,18.6
2013-03-13,51.8,44.6,39.2,66,20.4
2013-03-14,39.2,30.2,23.0,47,34.8
2013-03-15,41.0,30.2,21.2,45,34.8
2013-03-16,39.2,35.6,30.2,42,29.4
2013-03-17,37.4,32.0,24.8,37,33.0
2013-03-18,33.8,26.6,21.2,62,38.4
2013-03-19,35.6,32.0,28.4,93,33.0
2013-03-20,39.2,33.8,26.6,61,31.200000000000003
2013-03-21,35.6,33.8,30.2,68,31.200000000000003
2013-03-22,39.2,35.6,28.4,60,29.4
2013-03-23,44.6,37.4,30.2,48,27.6
2013-03-24,48.2,41.0,33.8,55,24.0
2013-03-25,44.6,39.2,33.8,68,25.799999999999997
2013-03-26,50.0,42.8,33.8,58,22.200000000000003
2013-03-27,55.4,46.4,35.6,45,18.6
2013-03-28,48.2,42.8,37.4,69,22.200000000000003
2013-03-29,55.4,48.2,39.2,53,16.799999999999997
2013-03-30,53.6,46.4,39.2,45,18.6
2013-03-31,59.0,46.4,33.8,52,18.6
2013-04-01,62.6,48.2,35.6,66,16.799999999999997
2013-04-02,42.8,37.4,30.2,37,27.6
2013-04-03,46.4,39.2,30.2,37,25.799999999999997
2013-04-04,55.4,44.6,32.0,35,20.4
2013-04-05,57.2,48.2,37.4,47,16.799999999999997
2013-04-06,46.4,39.2,33.8,35,25.799999999999997
2013-04-07,53.6,42.8,32.0,53,22.200000000000003
2013-04-08,62.6,55.4,46.4,76,9.600000000000001
2013-04-09,73.4,59.0,44.6,64,6.0
2013-04-10,53.6,50.0,44.6,82,15.0
2013-04-11,48.2,46.4,42.8,80,18.6
2013-04-12,42.8,41.0,37.4,78,24.0
2013-04-13,51.8,44.6,35.6,73,20.4
2013-04-14,55.4,48.2,42.8,56,16.799999999999997
2013-04-15,48.2,44.6,37.4,63,20.4
2013-04-16,64.4,51.8,39.2,64,13.200000000000003
2013-04-17,66.2,57.2,46.4,51,7.799999999999997
2013-04-18,62.6,53.6,44.6,52,11.399999999999999
2013-04-19,75.2,64.4,53.6,77,0.5999999999999943
2013-04-20,64.4,55.4,44.6,63,9.600000000000001
2013-04-21,50.0,44.6,37.4,45,20.4
2013-04-22,48.2,42.8,35.6,61,22.200000000000003
2013-04-23,42.8,42.8,41.0,79,22.200000000000003
2013-04-24,69.8,55.4,42.8,68,9.600000000000001
2013-04-25,66.2,57.2,48.2,53,7.799999999999997
2013-04-26,51.8,48.2,44.6,65,16.799999999999997
2013-04-27,55.4,48.2,42.8,64,16.799999999999997
2013-04-28,62.6,53.6,44.6,51,11.399999999999999
2013-04-29,68.0,57.2,48.2,48,7.799999999999997
2013-04-30,60.8,53.6,46.4,50,11.399999999999999
2013-05-01,60.8,53.6,44.6,57,11.399999999999999
2013-05-02,69.8,53.6,35.6,58,11.399999999999999
2013-05-03,53.6,48.2,44.6,70,16.799999999999997
2013-05-04,51.8,48.2,44.6,71,16.799999999999997
2013-05-05,53.6,46.4,39.2,76,18.6
2013-05-06,55.4,48.2,42.8,89,16.799999999999997
2013-05-07,71.6,60.8,46.4,75,4.200000000000003
2013-05-08,66.2,60.8,53.6,89,4.200000000000003
2013-05-09,62.6,57.2,53.6,94,7.799999999999997
2013-05-10,69.8,62.6,55.4,82,2.3999999999999986
2013-05-11,71.6,66.2,59.0,78,-1.2000000000000028
2013-05-12,73.4,62.6,51.8,65,2.3999999999999986
2013-05-13,60.8,53.6,46.4,40,11.399999999999999
2013-05-14,60.8,51.8,44.6,43,13.200000000000003
2013-05-15,66.2,55.4,44.6,59,9.600000000000001
2013-05-16,82.4,68.0,53.6,56,-3.0
2013-05-17,69.8,62.6,53.6,49,2.3999999999999986
2013-05-18,66.2,59.0,51.8,61,6.0
2013-05-19,62.6,57.2,50.0,78,7.799999999999997
2013-05-20,82.4,69.8,55.4,76,-4.799999999999997
2013-05-21,66.2,59.0,51.8,89,6.0
2013-05-22,60.8,55.4,51.8,90,9.600000000000001
2013-05-23,77.0,64.4,53.6,85,0.5999999999999943
2013-05-24,69.8,60.8,51.8,86,4.200000000000003
2013-05-25,53.6,48.2,42.8,89,16.799999999999997
2013-05-26,60.8,51.8,41.0,63,13.200000000000003
2013-05-27,73.4,60.8,46.4,49,4.200000000000003
2013-05-28,64.4,57.2,51.8,62,7.799999999999997
2013-05-29,69.8,64.4,57.2,88,0.5999999999999943
2013-05-30,87.8,77.0,64.4,65,-12.0
2013-05-31,93.2,82.4,71.6,53,-17.400000000000006
2013-06-01,91.4,80.6,69.8,54,-15.599999999999994
2013-06-02,87.8,78.8,68.0,65,-13.799999999999997
2013-06-03,77.0,69.8,62.6,62,-4.799999999999997
2013-06-04,73.4,64.4,55.4,44,0.5999999999999943
2013-06-05,71.6,64.4,57.2,49,0.5999999999999943
2013-06-06,69.8,62.6,57.2,60,2.3999999999999986
2013-06-07,57.2,57.2,55.4,92,7.799999999999997
2013-06-08,78.8,66.2,55.4,75,-1.2000000000000028
2013-06-09,80.6,71.6,60.8,57,-6.599999999999994
2013-06-10,69.8,64.4,57.2,75,0.5999999999999943
2013-06-11,64.4,60.8,55.4,89,4.200000000000003
2013-06-12,71.6,64.4,55.4,75,0.5999999999999943
2013-06-13,66.2,60.8,53.6,78,4.200000000000003
2013-06-14,73.4,64.4,53.6,69,0.5999999999999943
2013-06-15,80.6,71.6,62.6,46,-6.599999999999994
2013-06-16,77.0,69.8,60.8,57,-4.799999999999997
2013-06-17,87.8,75.2,62.6,64,-10.200000000000003
2013-06-18,71.6,64.4,59.0,77,0.5999999999999943
2013-06-19,71.6,64.4,57.2,70,0.5999999999999943
2013-06-20,77.0,68.0,57.2,63,-3.0
2013-06-21,84.2,73.4,60.8,58,-8.400000000000006
2013-06-22,84.2,75.2,64.4,53,-10.200000000000003
2013-06-23,91.4,78.8,66.2,60,-13.799999999999997
2013-06-24,95.0,82.4,69.8,65,-17.400000000000006
2013-06-25,91.4,80.6,69.8,63,-15.599999999999994
2013-06-26,84.2,73.4,64.4,78,-8.400000000000006
2013-06-27,66.2,64.4,60.8,94,0.5999999999999943
2013-06-28,80.6,71.6,62.6,85,-6.599999999999994
2013-06-29,82.4,77.0,69.8,78,-12.0
2013-06-30,84.2,77.0,69.8,78,-12.0
2013-07-01,84.2,78.8,71.6,79,-13.799999999999997
2013-07-02,82.4,71.6,60.8,81,-6.599999999999994
2013-07-03,91.4,77.0,62.6,76,-12.0
2013-07-04,93.2,84.2,75.2,67,-19.200000000000003
2013-07-05,95.0,87.8,78.8,62,-22.799999999999997
2013-07-06,93.2,86.0,78.8,60,-21.0
2013-07-07,93.2,84.2,75.2,65,-19.200000000000003
2013-07-08,84.2,75.2,66.2,79,-10.200000000000003
2013-07-09,71.6,69.8,64.4,87,-4.799999999999997
2013-07-10,86.0,77.0,66.2,81,-12.0
2013-07-11,82.4,78.8,73.4,81,-13.799999999999997
2013-07-12,73.4,69.8,66.2,76,-4.799999999999997
2013-07-13,71.6,69.8,66.2,86,-4.799999999999997
2013-07-14,93.2,80.6,69.8,74,-15.599999999999994
2013-07-15,91.4,82.4,73.4,68,-17.400000000000006
2013-07-16,93.2,84.2,75.2,62,-19.200000000000003
2013-07-17,95.0,84.2,73.4,67,-19.200000000000003
2013-07-18,91.4,84.2,75.2,70,-19.200000000000003
2013-07-19,98.6,89.6,78.8,62,-24.599999999999994
2013-07-20,96.8,87.8,78.8,60,-22.799999999999997
2013-07-21,78.8,73.4,68.0,72,-8.400000000000006
2013-07-22,75.2,71.6,68.0,80,-6.599999999999994
2013-07-23,82.4,75.2,68.0,90,-10.200000000000003
2013-07-24,87.8,77.0,66.2,69,-12.0
2013-07-25,66.2,62.6,60.8,71,2.3999999999999986
2013-07-26,71.6,66.2,62.6,83,-1.2000000000000028
2013-07-27,84.2,73.4,62.6,70,-8.400000000000006
2013-07-28,75.2,71.6,66.2,86,-6.599999999999994
2013-07-29,80.6,73.4,66.2,81,-8.400000000000006
2013-07-30,84.2,75.2,66.2,62,-10.200000000000003
2013-07-31,78.8,73.4,68.0,62,-8.400000000000006
2013-08-01,82.4,73.4,66.2,68,-8.400000000000006
2013-08-02,84.2,75.2,66.2,65,-10.200000000000003
2013-08-03,80.6,73.4,68.0,62,-8.400000000000006
2013-08-04,82.4,73.4,64.4,51,-8.400000000000006
2013-08-05,78.8,69.8,60.8,46,-4.799999999999997
2013-08-06,73.4,66.2,59.0,57,-1.2000000000000028
2013-08-07,78.8,69.8,60.8,63,-4.799999999999997
2013-08-08,80.6,73.4,64.4,77,-8.400000000000006
2013-08-09,75.2,73.4,71.6,89,-8.400000000000006
2013-08-10,84.2,75.2,66.2,64,-10.200000000000003
2013-08-11,80.6,71.6,62.6,51,-6.599999999999994
2013-08-12,84.2,75.2,64.4,56,-10.200000000000003
2013-08-13,73.4,69.8,66.2,80,-4.799999999999997
2013-08-14,75.2,69.8,62.6,63,-4.799999999999997
2013-08-15,78.8,69.8,60.8,51,-4.799999999999997
2013-08-16,80.6,71.6,62.6,48,-6.599999999999994
2013-08-17,73.4,69.8,64.4,68,-4.799999999999997
2013-08-18,78.8,71.6,62.6,66,-6.599999999999994
2013-08-19,84.2,73.4,64.4,58,-8.400000000000006
2013-08-20,87.8,78.8,69.8,52,-13.799999999999997
2013-08-21,89.6,78.8,66.2,54,-13.799999999999997
2013-08-22,89.6,80.6,69.8,65,-15.599999999999994
2013-08-23,78.8,71.6,66.2,65,-6.599999999999994
2013-08-24,71.6,66.2,60.8,50,-1.2000000000000028
2013-08-25,82.4,71.6,60.8,53,-6.599999999999994
2013-08-26,84.2,75.2,66.2,59,-10.200000000000003
2013-08-27,75.2,71.6,64.4,83,-6.599999999999994
2013-08-28,73.4,66.2,60.8,87,-1.2000000000000028
2013-08-29,66.2,64.4,62.6,86,0.5999999999999943
2013-08-30,84.2,73.4,62.6,66,-8.400000000000006
2013-08-31,82.4,75.2,69.8,80,-10.200000000000003
2013-09-01,78.8,75.2,69.8,86,-10.200000000000003
2013-09-02,80.6,75.2,69.8,87,-10.200000000000003
2013-09-03,80.6,75.2,69.8,80,-10.200000000000003
2013-09-04,82.4,73.4,62.6,57,-8.400000000000006
2013-09-05,69.8,64.4,57.2,68,0.5999999999999943
2013-09-06,71.6,62.6,51.8,46,2.3999999999999986
2013-09-07,80.6,68.0,53.6,49,-3.0
2013-09-08,78.8,66.2,55.4,51,-1.2000000000000028
2013-09-09,71.6,62.6,51.8,48,2.3999999999999986
2013-09-10,77.0,68.0,59.0,77,-3.0
2013-09-11,96.8,82.4,68.0,66,-17.400000000000006
2013-09-12,87.8,78.8,66.2,75,-13.799999999999997
2013-09-13,75.2,69.8,60.8,85,-4.799999999999997
2013-09-14,68.0,62.6,57.2,64,2.3999999999999986
2013-09-15,73.4,64.4,53.6,60,0.5999999999999943
2013-09-16,69.8,60.8,50.0,57,4.200000000000003
2013-09-17,60.8,51.8,44.6,55,13.200000000000003
2013-09-18,75.2,62.6,51.8,49,2.3999999999999986
2013-09-19,71.6,62.6,53.6,63,2.3999999999999986
2013-09-20,71.6,62.6,55.4,72,2.3999999999999986
2013-09-21,77.0,66.2,57.2,76,-1.2000000000000028
2013-09-22,73.4,64.4,55.4,64,0.5999999999999943
2013-09-23,64.4,57.2,50.0,54,7.799999999999997
2013-09-24,68.0,57.2,46.4,52,7.799999999999997
2013-09-25,62.6,57.2,51.8,60,7.799999999999997
2013-09-26,62.6,59.0,55.4,64,6.0
2013-09-27,66.2,62.6,57.2,67,2.3999999999999986
2013-09-28,69.8,62.6,55.4,78,2.3999999999999986
2013-09-29,62.6,57.2,51.8,84,7.799999999999997
2013-09-30,64.4,57.2,51.8,76,7.799999999999997
2013-10-01,75.2,64.4,51.8,64,0.5999999999999943
2013-10-02,82.4,71.6,62.6,58,-6.599999999999994
2013-10-03,78.8,69.8,60.8,50,-4.799999999999997
2013-10-04,66.2,62.6,59.0,68,2.3999999999999986
2013-10-05,68.0,64.4,59.0,71,0.5999999999999943
2013-10-06,62.6,59.0,55.4,87,6.0
2013-10-07,78.8,69.8,60.8,85,-4.799999999999997
2013-10-08,68.0,60.8,51.8,50,4.200000000000003
2013-10-09,60.8,55.4,48.2,62,9.600000000000001
2013-10-10,60.8,55.4,48.2,78,9.600000000000001
2013-10-11,66.2,59.0,51.8,78,6.0
2013-10-12,60.8,57.2,53.6,83,7.799999999999997
2013-10-13,60.8,55.4,48.2,71,9.600000000000001
2013-10-14,60.8,53.6,44.6,71,11.399999999999999
2013-10-15,64.4,57.2,51.8,75,7.799999999999997
2013-10-16,62.6,57.2,51.8,87,7.799999999999997
2013-10-17,73.4,64.4,53.6,79,0.5999999999999943
2013-10-18,69.8,62.6,55.4,67,2.3999999999999986
2013-10-19,66.2,59.0,50.0,50,6.0
2013-10-20,64.4,57.2,48.2,59,7.799999999999997
2013-10-21,68.0,57.2,44.6,55,7.799999999999997
2013-10-22,71.6,60.8,48.2,65,4.200000000000003
2013-10-23,53.6,50.0,46.4,48,15.0
2013-10-24,55.4,50.0,42.8,45,15.0
2013-10-25,51.8,46.4,39.2,50,18.6
2013-10-26,57.2,46.4,37.4,50,18.6
2013-10-27,57.2,51.8,44.6,59,13.200000000000003
2013-10-28,60.8,50.0,39.2,50,15.0
2013-10-29,57.2,46.4,35.6,63,18.6
2013-10-30,53.6,46.4,39.2,72,18.6
2013-10-31,62.6,51.8,39.2,84,13.200000000000003
2013-11-01,71.6,66.2,60.8,73,-1.2000000000000028
2013-11-02,66.2,57.2,50.0,65,7.799999999999997
2013-11-03,53.6,44.6,33.8,59,20.4
2013-11-04,42.8,37.4,30.2,48,27.6
2013-11-05,48.2,39.2,32.0,55,25.799999999999997
2013-11-06,60.8,51.8,42.8,68,13.200000000000003
2013-11-07,68.0,55.4,42.8,75,9.600000000000001
2013-11-08,50.0,44.6,37.4,48,20.4
2013-11-09,46.4,41.0,35.6,44,24.0
2013-11-10,57.2,50.0,42.8,66,15.0
2013-11-11,53.6,46.4,41.0,43,18.6
2013-11-12,50.0,39.2,28.4,64,25.799999999999997
2013-11-13,37.4,32.0,26.6,45,33.0
2013-11-14,51.8,41.0,30.2,40,24.0
2013-11-15,62.6,50.0,37.4,39,15.0
2013-11-16,59.0,50.0,39.2,53,15.0
2013-11-17,55.4,46.4,37.4,86,18.6
2013-11-18,66.2,59.0,50.0,69,6.0
2013-11-19,50.0,41.0,32.0,40,24.0
2013-11-20,42.8,35.6,28.4,39,29.4
2013-11-21,48.2,39.2,28.4,43,25.799999999999997
2013-11-22,48.2,44.6,42.8,81,20.4
2013-11-23,50.0,41.0,30.2,59,24.0
2013-11-24,30.2,26.6,21.2,39,38.4
2013-11-25,33.8,26.6,17.6,34,38.4
2013-11-26,44.6,37.4,32.0,66,27.6
2013-11-27,62.6,51.8,39.2,87,13.200000000000003
2013-11-28,39.2,33.8,26.6,50,31.200000000000003
2013-11-29,35.6,28.4,23.0,42,36.6
2013-11-30,35.6,28.4,19.4,57,36.6
2013-12-01,46.4,41.0,33.8,83,24.0
2013-12-02,41.0,39.2,37.4,86,25.799999999999997
2013-12-03,48.2,42.8,35.6,71,22.200000000000003
2013-12-04,44.6,39.2,35.6,61,25.799999999999997
2013-12-05,57.2,46.4,35.6,85,18.6
2013-12-06,57.2,46.4,35.6,74,18.6
2013-12-07,42.8,37.4,30.2,67,27.6
2013-12-08,32.0,30.2,26.6,49,34.8
2013-12-09,48.2,37.4,26.6,72,27.6
2013-12-10,37.4,33.8,26.6,70,31.200000000000003
2013-12-11,32.0,28.4,24.8,61,36.6
2013-12-12,26.6,23.0,17.6,47,42.0
2013-12-13,30.2,23.0,15.8,55,42.0
2013-12-14,30.2,21.2,10.4,65,43.8
2013-12-15,37.4,30.2,23.0,82,34.8
2013-12-16,30.2,24.8,19.4,55,40.2
2013-12-17,28.4,19.4,8.6,73,45.6
2013-12-18,35.6,28.4,19.4,64,36.6
2013-12-19,42.8,35.6,26.6,56,29.4
2013-12-20,51.8,42.8,32.0,66,22.200000000000003
2013-12-21,53.6,48.2,41.0,78,16.799999999999997
2013-12-22,53.6,44.6,35.6,92,20.4
2013-12-23,39.2,37.4,33.8,93,27.6
2013-12-24,39.2,33.8,28.4,65,31.200000000000003
2013-12-25,28.4,21.2,15.8,49,43.8
2013-12-26,35.6,28.4,21.2,70,36.6
2013-12-27,35.6,32.0,28.4,61,33.0
2013-12-28,48.2,37.4,26.6,57,27.6
2013-12-29,44.6,39.2,33.8,80,25.799999999999997
2013-12-30,44.6,32.0,19.4,65,33.0
2013-12-31,26.6,19.4,14.0,48,45.6
2014-01-01,28.4,24.8,19.4,43,40.2
2014-01-02,26.6,14.0,1.4,69,51.0
2014-01-03,14.0,8.6,1.4,66,56.4
2014-01-04,26.6,15.8,1.4,50,49.2
2014-01-05,37.4,30.2,24.8,74,34.8
2014-01-06,55.4,42.8,28.4,77,22.200000000000003
2014-01-07,28.4,19.4,8.6,41,45.6
2014-01-08,21.2,15.8,6.8,48,49.2
2014-01-09,30.2,24.8,19.4,49,40.2
2014-01-10,37.4,28.4,17.6,80,36.6
2014-01-11,59.0,46.4,33.8,93,18.6
2014-01-12,53.6,46.4,37.4,67,18.6
2014-01-13,51.8,41.0,30.2,63,24.0
2014-01-14,50.0,46.4,44.6,90,18.6
2014-01-15,48.2,42.8,35.6,76,22.200000000000003
2014-01-16,39.2,35.6,33.8,93,29.4
2014-01-17,46.4,39.2,33.8,65,25.799999999999997
2014-01-18,37.4,35.6,32.0,87,29.4
2014-01-19,35.6,33.8,30.2,73,31.200000000000003
2014-01-20,41.0,33.8,26.6,56,31.200000000000003
2014-01-21,26.6,19.4,10.4,58,45.6
2014-01-22,17.6,12.2,6.8,60,52.8
2014-01-23,21.2,14.0,6.8,45,51.0
2014-01-24,19.4,12.2,6.8,43,52.8
2014-01-25,37.4,26.6,15.8,65,38.4
2014-01-26,26.6,21.2,15.8,51,43.8
2014-01-27,46.4,33.8,21.2,55,31.200000000000003
2014-01-28,21.2,17.6,12.2,35,47.4
2014-01-29,26.6,21.2,15.8,41,43.8
2014-01-30,30.2,23.0,15.8,47,42.0
2014-01-31,42.8,33.8,21.2,54,31.200000000000003
2014-02-01,42.8,37.4,32.0,57,27.6
2014-02-02,55.4,42.8,30.2,66,22.200000000000003
2014-02-03,41.0,33.8,26.6,74,31.200000000000003
2014-02-04,35.6,28.4,23.0,64,36.6
2014-02-05,33.8,28.4,24.8,89,36.6
2014-02-06,28.4,24.8,19.4,64,40.2
2014-02-07,30.2,24.8,19.4,50,40.2
2014-02-08,28.4,24.8,17.6,41,40.2
2014-02-09,30.2,26.6,21.2,61,38.4
2014-02-10,30.2,24.8,19.4,64,40.2
2014-02-11,24.8,19.4,14.0,48,45.6
2014-02-12,23.0,15.8,8.6,51,49.2
2014-02-13,35.6,28.4,21.2,82,36.6
2014-02-14,37.4,33.8,28.4,74,31.200000000000003
2014-02-15,35.6,30.2,26.6,77,34.8
2014-02-16,33.8,28.4,23.0,61,36.6
2014-02-17,28.4,21.2,14.0,37,43.8
2014-02-18,35.6,24.8,14.0,63,40.2
2014-02-19,35.6,28.4,21.2,82,36.6
2014-02-20,48.2,41.0,33.8,60,24.0
2014-02-21,44.6,39.2,33.8,93,25.799999999999997
2014-02-22,50.0,42.8,33.8,64,22.200000000000003
2014-02-23,51.8,42.8,33.8,56,22.200000000000003
2014-02-24,44.6,35.6,24.8,41,29.4
2014-02-25,28.4,26.6,21.2,44,38.4
2014-02-26,32.0,24.8,15.8,43,40.2
2014-02-27,30.2,21.2,12.2,51,43.8
2014-02-28,24.8,17.6,10.4,32,47.4
2014-03-01,35.6,26.6,15.8,40,38.4
2014-03-02,39.2,35.6,30.2,59,29.4
2014-03-03,30.2,23.0,15.8,39,42.0
2014-03-04,30.2,21.2,12.2,32,43.8
2014-03-05,28.4,24.8,19.4,55,40.2
2014-03-06,24.8,17.6,10.4,46,47.4
2014-03-07,33.8,24.8,15.8,64,40.2
2014-03-08,55.4,41.0,26.6,54,24.0
2014-03-09,42.8,37.4,30.2,35,27.6
2014-03-10,44.6,35.6,28.4,60,29.4
2014-03-11,60.8,46.4,33.8,60,18.6
2014-03-12,46.4,42.8,37.4,80,22.200000000000003
2014-03-13,37.4,21.2,17.6,64,43.8
2014-03-14,39.2,28.4,15.8,44,36.6
2014-03-15,57.2,48.2,37.4,56,16.799999999999997
2014-03-16,37.4,30.2,23.0,38,34.8
2014-03-17,26.6,21.2,15.8,43,43.8
2014-03-18,33.8,26.6,19.4,51,38.4
2014-03-19,41.0,33.8,26.6,71,31.200000000000003
2014-03-20,51.8,44.6,37.4,70,20.4
2014-03-21,44.6,39.2,33.8,46,25.799999999999997
2014-03-22,57.2,42.8,28.4,52,22.200000000000003
2014-03-23,44.6,33.8,21.2,42,31.200000000000003
2014-03-24,33.8,24.8,17.6,32,40.2
2014-03-25,39.2,30.2,21.2,37,34.8
2014-03-26,35.6,30.2,24.8,39,34.8
2014-03-27,46.4,33.8,21.2,27,31.200000000000003
2014-03-28,60.8,48.2,35.6,66,16.799999999999997
2014-03-29,51.8,46.4,39.2,77,18.6
2014-03-30,42.8,39.2,35.6,91,25.799999999999997
2014-03-31,42.8,37.4,33.8,76,27.6
2014-04-01,46.4,41.0,33.8,60,24.0
2014-04-02,46.4,42.8,37.4,68,22.200000000000003
2014-04-03,53.6,44.6,33.8,59,20.4
2014-04-04,44.6,41.0,37.4,76,24.0
2014-04-05,53.6,46.4,37.4,67,18.6
2014-04-06,59.0,46.4,35.6,37,18.6
2014-04-07,59.0,48.2,37.4,59,16.799999999999997
2014-04-08,64.4,53.6,42.8,76,11.399999999999999
2014-04-09,59.0,50.0,41.0,45,15.0
2014-04-10,60.8,46.4,33.8,43,18.6
2014-04-11,69.8,59.0,48.2,55,6.0
2014-04-12,69.8,59.0,48.2,53,6.0
2014-04-13,62.6,53.6,44.6,68,11.399999999999999
2014-04-14,75.2,66.2,57.2,63,-1.2000000000000028
2014-04-15,68.0,55.4,41.0,77,9.600000000000001
2014-04-16,44.6,37.4,30.2,57,27.6
2014-04-17,39.2,35.6,32.0,61,29.4
2014-04-18,42.8,37.4,30.2,75,27.6
2014-04-19,62.6,50.0,37.4,56,15.0
2014-04-20,48.2,44.6,39.2,57,20.4
2014-04-21,69.8,53.6,35.6,52,11.399999999999999
2014-04-22,73.4,60.8,46.4,62,4.200000000000003
2014-04-23,57.2,51.8,46.4,72,13.200000000000003
2014-04-24,59.0,51.8,42.8,37,13.200000000000003
2014-04-25,57.2,50.0,42.8,45,15.0
2014-04-26,46.4,44.6,42.8,75,20.4
2014-04-27,50.0,46.4,41.0,77,18.6
2014-04-28,53.6,48.2,42.8,63,16.799999999999997
2014-04-29,44.6,42.8,42.8,76,22.200000000000003
2014-04-30,44.6,42.8,41.0,83,22.200000000000003
2014-05-01,60.8,51.8,44.6,89,13.200000000000003
2014-05-02,69.8,60.8,50.0,58,4.200000000000003
2014-05-03,66.2,59.0,50.0,50,6.0
2014-05-04,62.6,55.4,50.0,54,9.600000000000001
2014-05-05,66.2,57.2,50.0,50,7.799999999999997
2014-05-06,64.4,55.4,46.4,48,9.600000000000001
2014-05-07,69.8,57.2,46.4,37,7.799999999999997
2014-05-08,62.6,55.4,48.2,58,9.600000000000001
2014-05-09,59.0,55.4,50.0,83,9.600000000000001
2014-05-10,80.6,69.8,57.2,68,-4.799999999999997
2014-05-11,80.6,71.6,62.6,46,-6.599999999999994
2014-05-12,84.2,69.8,51.8,43,-4.799999999999997
2014-05-13,51.8,48.2,46.4,71,16.799999999999997
2014-05-14,62.6,55.4,46.4,71,9.600000000000001
2014-05-15,77.0,66.2,57.2,77,-1.2000000000000028
2014-05-16,73.4,66.2,59.0,82,-1.2000000000000028
2014-05-17,75.2,66.2,57.2,64,-1.2000000000000028
2014-05-18,62.6,57.2,51.8,53,7.799999999999997
2014-05-19,68.0,60.8,51.8,53,4.200000000000003
2014-05-20,69.8,60.8,53.6,55,4.200000000000003
2014-05-21,64.4,59.0,51.8,74,6.0
2014-05-22,59.0,55.4,51.8,90,9.600000000000001
2014-05-23,57.2,55.4,51.8,89,9.600000000000001
2014-05-24,60.8,57.2,51.8,71,7.799999999999997
2014-05-25,66.2,59.0,51.8,79,6.0
2014-05-26,78.8,66.2,55.4,63,-1.2000000000000028
2014-05-27,73.4,62.6,50.0,71,2.3999999999999986
2014-05-28,50.0,46.4,44.6,85,18.6
2014-05-29,57.2,51.8,42.8,67,13.200000000000003
2014-05-30,66.2,57.2,48.2,73,7.799999999999997
2014-05-31,60.8,55.4,51.8,68,9.600000000000001
2014-06-01,66.2,59.0,51.8,61,6.0
2014-06-02,82.4,69.8,55.4,44,-4.799999999999997
2014-06-03,71.6,64.4,57.2,72,0.5999999999999943
2014-06-04,60.8,57.2,55.4,80,7.799999999999997
2014-06-05,60.8,59.0,57.2,92,6.0
2014-06-06,75.2,66.2,57.2,67,-1.2000000000000028
2014-06-07,80.6,71.6,60.8,58,-6.599999999999994
2014-06-08,80.6,73.4,66.2,55,-8.400000000000006
2014-06-09,80.6,73.4,66.2,56,-8.400000000000006
2014-06-10,78.8,69.8,59.0,80,-4.799999999999997
2014-06-11,62.6,60.8,57.2,79,4.200000000000003
2014-06-12,66.2,62.6,59.0,79,2.3999999999999986
2014-06-13,64.4,62.6,59.0,89,2.3999999999999986
2014-06-14,77.0,68.0,57.2,79,-3.0
2014-06-15,80.6,69.8,57.2,56,-4.799999999999997
2014-06-16,73.4,68.0,62.6,50,-3.0
2014-06-17,84.2,73.4,62.6,70,-8.400000000000006
2014-06-18,87.8,78.8,68.0,64,-13.799999999999997
2014-06-19,84.2,75.2,66.2,45,-10.200000000000003
2014-06-20,77.0,69.8,60.8,38,-4.799999999999997
2014-06-21,75.2,66.2,57.2,50,-1.2000000000000028
2014-06-22,71.6,64.4,59.0,56,0.5999999999999943
2014-06-23,77.0,68.0,59.0,65,-3.0
2014-06-24,84.2,71.6,60.8,63,-6.599999999999994
2014-06-25,89.6,78.8,66.2,65,-13.799999999999997
2014-06-26,80.6,71.6,60.8,82,-6.599999999999994
2014-06-27,71.6,66.2,59.0,56,-1.2000000000000028
2014-06-28,80.6,69.8,59.0,54,-4.799999999999997
2014-06-29,86.0,73.4,62.6,54,-8.400000000000006
2014-06-30,89.6,77.0,64.4,59,-12.0
2014-07-01,89.6,78.8,69.8,67,-13.799999999999997
2014-07-02,91.4,82.4,73.4,66,-17.400000000000006
2014-07-03,91.4,80.6,69.8,69,-15.599999999999994
2014-07-04,75.2,69.8,64.4,85,-4.799999999999997
2014-07-05,80.6,69.8,59.0,61,-4.799999999999997
2014-07-06,84.2,75.2,66.2,49,-10.200000000000003
2014-07-07,87.8,78.8,69.8,62,-13.799999999999997
2014-07-08,91.4,82.4,73.4,64,-17.400000000000006
2014-07-09,87.8,80.6,73.4,65,-15.599999999999994
2014-07-10,82.4,73.4,66.2,59,-8.400000000000006
2014-07-11,73.4,68.0,62.6,71,-3.0
2014-07-12,80.6,71.6,62.6,66,-6.599999999999994
2014-07-13,84.2,77.0,68.0,61,-12.0
2014-07-14,86.0,78.8,71.6,81,-13.799999999999997
2014-07-15,84.2,78.8,71.6,85,-13.799999999999997
2014-07-16,75.2,73.4,69.8,81,-8.400000000000006
2014-07-17,80.6,73.4,66.2,58,-8.400000000000006
2014-07-18,75.2,71.6,64.4,64,-6.599999999999994
2014-07-19,71.6,68.0,62.6,83,-3.0
2014-07-20,71.6,66.2,60.8,75,-1.2000000000000028
2014-07-21,73.4,66.2,60.8,84,-1.2000000000000028
2014-07-22,87.8,75.2,62.6,72,-10.200000000000003
2014-07-23,91.4,82.4,71.6,64,-17.400000000000006
2014-07-24,75.2,69.8,62.6,81,-4.799999999999997
2014-07-25,82.4,73.4,62.6,56,-8.400000000000006
2014-07-26,84.2,75.2,64.4,58,-10.200000000000003
2014-07-27,80.6,73.4,66.2,82,-8.400000000000006
2014-07-28,84.2,75.2,64.4,77,-10.200000000000003
2014-07-29,78.8,71.6,64.4,63,-6.599999999999994
2014-07-30,78.8,71.6,62.6,55,-6.599999999999994
2014-07-31,80.6,71.6,62.6,66,-6.599999999999994
2014-08-01,82.4,73.4,64.4,73,-8.400000000000006
2014-08-02,71.6,66.2,62.6,86,-1.2000000000000028
2014-08-03,69.8,66.2,62.6,85,-1.2000000000000028
2014-08-04,80.6,71.6,62.6,81,-6.599999999999994
2014-08-05,82.4,75.2,69.8,74,-10.200000000000003
2014-08-06,82.4,77.0,69.8,53,-12.0
2014-08-07,78.8,71.6,64.4,60,-6.599999999999994
2014-08-08,84.2,73.4,60.8,53,-8.400000000000006
2014-08-09,78.8,71.6,64.4,56,-6.599999999999994
2014-08-10,80.6,73.4,66.2,59,-8.400000000000006
2014-08-11,84.2,75.2,64.4,62,-10.200000000000003
2014-08-12,82.4,73.4,64.4,71,-8.400000000000006
2014-08-13,69.8,66.2,64.4,91,-1.2000000000000028
2014-08-14,77.0,69.8,62.6,63,-4.799999999999997
2014-08-15,75.2,68.0,60.8,63,-3.0
2014-08-16,78.8,69.8,60.8,55,-4.799999999999997
2014-08-17,80.6,73.4,64.4,69,-8.400000000000006
2014-08-18,78.8,71.6,62.6,54,-6.599999999999994
2014-08-19,73.4,66.2,59.0,61,-1.2000000000000028
2014-08-20,73.4,66.2,59.0,73,-1.2000000000000028
2014-08-21,71.6,66.2,60.8,85,-1.2000000000000028
2014-08-22,71.6,68.0,62.6,81,-3.0
2014-08-23,71.6,66.2,60.8,76,-1.2000000000000028
2014-08-24,75.2,69.8,62.6,59,-4.799999999999997
2014-08-25,80.6,73.4,66.2,64,-8.400000000000006
2014-08-26,84.2,75.2,64.4,72,-10.200000000000003
2014-08-27,91.4,78.8,66.2,63,-13.799999999999997
2014-08-28,82.4,73.4,64.4,59,-8.400000000000006
2014-08-29,71.6,64.4,59.0,69,0.5999999999999943
2014-08-30,78.8,69.8,57.2,66,-4.799999999999997
2014-08-31,84.2,75.2,66.2,81,-10.200000000000003
2014-09-01,84.2,78.8,71.6,74,-13.799999999999997
2014-09-02,93.2,82.4,71.6,70,-17.400000000000006
2014-09-03,84.2,78.8,71.6,62,-13.799999999999997
2014-09-04,82.4,75.2,66.2,58,-10.200000000000003
2014-09-05,91.4,78.8,66.2,63,-13.799999999999997
2014-09-06,91.4,80.6,69.8,68,-15.599999999999994
2014-09-07,75.2,69.8,62.6,59,-4.799999999999997
2014-09-08,71.6,64.4,59.0,69,0.5999999999999943
2014-09-09,69.8,64.4,60.8,74,0.5999999999999943
2014-09-10,69.8,64.4,60.8,82,0.5999999999999943
2014-09-11,80.6,71.6,62.6,79,-6.599999999999994
2014-09-12,68.0,62.6,55.4,63,2.3999999999999986
2014-09-13,66.2,60.8,53.6,80,4.200000000000003
2014-09-14,66.2,59.0,51.8,68,6.0
2014-09-15,66.2,57.2,48.2,61,7.799999999999997
2014-09-16,64.4,60.8,55.4,74,4.200000000000003
2014-09-17,69.8,62.6,53.6,66,2.3999999999999986
2014-09-18,75.2,64.4,55.4,54,0.5999999999999943
2014-09-19,55.4,51.8,46.4,53,13.200000000000003
2014-09-20,73.4,60.8,46.4,66,4.200000000000003
2014-09-21,82.4,73.4,62.6,80,-8.400000000000006
2014-09-22,73.4,64.4,53.6,66,0.5999999999999943
2014-09-23,71.6,60.8,50.0,51,4.200000000000003
2014-09-24,66.2,60.8,53.6,74,4.200000000000003
2014-09-25,62.6,57.2,53.6,76,7.799999999999997
2014-09-26,69.8,62.6,53.6,68,2.3999999999999986
2014-09-27,80.6,71.6,60.8,62,-6.599999999999994
2014-09-28,87.8,73.4,60.8,65,-8.400000000000006
2014-09-29,73.4,66.2,57.2,75,-1.2000000000000028
2014-09-30,57.2,57.2,55.4,97,7.799999999999997
2014-10-01,57.2,57.2,55.4,97,7.799999999999997
2014-10-02,55.4,53.6,51.8,92,11.399999999999999
2014-10-03,55.4,51.8,48.2,89,13.200000000000003
2014-10-04,62.6,57.2,53.6,97,7.799999999999997
2014-10-05,60.8,55.4,48.2,67,9.600000000000001
2014-10-06,66.2,55.4,42.8,60,9.600000000000001
2014-10-07,73.4,64.4,55.4,71,0.5999999999999943
2014-10-08,73.4,66.2,57.2,66,-1.2000000000000028
2014-10-09,66.2,57.2,50.0,46,7.799999999999997
2014-10-10,62.6,57.2,51.8,48,7.799999999999997
2014-10-11,53.6,51.8,46.4,72,13.200000000000003
2014-10-12,59.0,51.8,44.6,70,13.200000000000003
2014-10-13,62.6,53.6,44.6,69,11.399999999999999
2014-10-14,78.8,68.0,57.2,75,-3.0
2014-10-15,80.6,71.6,60.8,74,-6.599999999999994
2014-10-16,69.8,64.4,60.8,94,0.5999999999999943
2014-10-17,71.6,64.4,57.2,76,0.5999999999999943
2014-10-18,71.6,62.6,55.4,81,2.3999999999999986
2014-10-19,55.4,50.0,42.8,61,15.0
2014-10-20,57.2,48.2,39.2,52,16.799999999999997
2014-10-21,62.6,55.4,48.2,85,9.600000000000001
2014-10-22,55.4,53.6,50.0,95,11.399999999999999
2014-10-23,53.6,51.8,48.2,97,13.200000000000003
2014-10-24,51.8,48.2,46.4,86,16.799999999999997
2014-10-25,64.4,55.4,46.4,62,9.600000000000001
2014-10-26,59.0,53.6,46.4,57,11.399999999999999
2014-10-27,62.6,55.4,46.4,55,9.600000000000001
2014-10-28,60.8,53.6,44.6,86,11.399999999999999
2014-10-29,73.4,62.6,51.8,71,2.3999999999999986
2014-10-30,59.0,53.6,46.4,62,11.399999999999999
2014-10-31,53.6,50.0,44.6,66,15.0
2014-11-01,48.2,44.6,39.2,77,20.4
2014-11-02,42.8,37.4,33.8,62,27.6
2014-11-03,53.6,44.6,35.6,32,20.4
2014-11-04,57.2,51.8,44.6,53,13.200000000000003
2014-11-05,66.2,57.2,46.4,56,7.799999999999997
2014-11-06,51.8,48.2,46.4,83,16.799999999999997
2014-11-07,48.2,44.6,39.2,73,20.4
2014-11-08,48.2,42.8,35.6,51,22.200000000000003
2014-11-09,55.4,48.2,39.2,57,16.799999999999997
2014-11-10,57.2,48.2,37.4,66,16.799999999999997
2014-11-11,62.6,53.6,42.8,80,11.399999999999999
2014-11-12,60.8,53.6,46.4,75,11.399999999999999
2014-11-13,50.0,44.6,37.4,62,20.4
2014-11-14,44.6,39.2,33.8,67,25.799999999999997
2014-11-15,39.2,35.6,30.2,49,29.4
2014-11-16,42.8,35.6,28.4,57,29.4
2014-11-17,48.2,42.8,37.4,83,22.200000000000003
2014-11-18,44.6,35.6,26.6,66,29.4
2014-11-19,37.4,30.2,24.8,41,34.8
2014-11-20,48.2,39.2,30.2,47,25.799999999999997
2014-11-21,35.6,32.0,26.6,42,33.0
2014-11-22,44.6,33.8,24.8,41,31.200000000000003
2014-11-23,59.0,51.8,42.8,59,13.200000000000003
2014-11-24,64.4,53.6,42.8,88,11.399999999999999
2014-11-25,62.6,55.4,48.2,61,9.600000000000001
2014-11-26,50.0,42.8,33.8,71,22.200000000000003
2014-11-27,37.4,35.6,30.2,81,29.4
2014-11-28,35.6,30.2,26.6,72,34.8
2014-11-29,33.8,28.4,23.0,55,36.6
2014-11-30,57.2,44.6,32.0,66,20.4
2014-12-01,64.4,51.8,39.2,63,13.200000000000003
2014-12-02,42.8,37.4,33.8,72,27.6
2014-12-03,51.8,44.6,37.4,79,20.4
2014-12-04,42.8,37.4,30.2,54,27.6
2014-12-05,42.8,33.8,26.6,66,31.200000000000003
2014-12-06,44.6,42.8,37.4,93,22.200000000000003
2014-12-07,37.4,30.2,21.2,61,34.8
2014-12-08,28.4,24.8,17.6,70,40.2
2014-12-09,48.2,39.2,28.4,93,25.799999999999997
2014-12-10,48.2,42.8,37.4,95,22.200000000000003
2014-12-11,39.2,35.6,32.0,87,29.4
2014-12-12,39.2,35.6,30.2,75,29.4
2014-12-13,42.8,37.4,32.0,65,27.6
2014-12-14,44.6,39.2,33.8,68,25.799999999999997
2014-12-15,42.8,37.4,32.0,75,27.6
2014-12-16,44.6,39.2,35.6,85,25.799999999999997
2014-12-17,48.2,44.6,41.0,85,20.4
2014-12-18,44.6,39.2,35.6,73,25.799999999999997
2014-12-19,37.4,33.8,28.4,63,31.200000000000003
2014-12-20,35.6,32.0,26.6,79,33.0
2014-12-21,35.6,33.8,30.2,77,31.200000000000003
2014-12-22,44.6,39.2,33.8,79,25.799999999999997
2014-12-23,46.4,44.6,42.8,91,20.4
2014-12-24,46.4,44.6,41.0,98,20.4
2014-12-25,59.0,51.8,44.6,75,13.200000000000003
2014-12-26,50.0,44.6,37.4,60,20.4
2014-12-27,51.8,44.6,37.4,60,20.4
2014-12-28,51.8,46.4,39.2,65,18.6
2014-12-29,41.0,35.6,30.2,51,29.4
2014-12-30,30.2,26.6,21.2,38,38.4
2014-12-31,30.2,24.8,19.4,44,40.2
2015-01-01,33.8,28.4,21.2,43,36.6
2015-01-02,41.0,35.6,30.2,45,29.4
2015-01-03,37.4,30.2,21.2,72,34.8
2015-01-04,51.8,44.6,35.6,95,20.4
2015-01-05,50.0,33.8,17.6,47,31.200000000000003
2015-01-06,17.6,17.6,15.8,59,47.4
2015-01-07,26.6,15.8,3.2,58,49.2
2015-01-08,19.4,8.6,-0.4,49,56.4
2015-01-09,30.2,24.8,19.4,65,40.2
2015-01-10,24.8,21.2,17.6,49,43.8
2015-01-11,33.8,24.8,15.8,49,40.2
2015-01-12,37.4,35.6,33.8,72,29.4
2015-01-13,35.6,24.8,15.8,56,40.2
2015-01-14,24.8,19.4,14.0,67,45.6
2015-01-15,30.2,28.4,24.8,78,36.6
2015-01-16,37.4,26.6,15.8,52,38.4
2015-01-17,21.2,15.8,8.6,46,49.2
2015-01-18,51.8,35.6,19.4,80,29.4
2015-01-19,46.4,39.2,32.0,70,25.799999999999997
2015-01-20,39.2,33.8,26.6,44,31.200000000000003
2015-01-21,33.8,28.4,21.2,57,36.6
2015-01-22,37.4,33.8,28.4,67,31.200000000000003
2015-01-23,37.4,30.2,24.8,54,34.8
2015-01-24,33.8,33.8,30.2,82,31.200000000000003
2015-01-25,37.4,28.4,19.4,55,36.6
2015-01-26,28.4,19.4,10.4,71,45.6
2015-01-27,19.4,17.6,14.0,85,47.4
2015-01-28,24.8,19.4,12.2,63,45.6
2015-01-29,32.0,21.2,10.4,57,43.8
2015-01-30,33.8,26.6,19.4,78,38.4
2015-01-31,21.2,15.8,10.4,56,49.2
2015-02-01,30.2,21.2,12.2,48,43.8
2015-02-02,30.2,21.2,10.4,67,43.8
2015-02-03,21.2,14.0,6.8,56,51.0
2015-02-04,37.4,26.6,14.0,64,38.4
2015-02-05,35.6,21.2,6.8,66,43.8
2015-02-06,21.2,12.2,5.0,53,52.8
2015-02-07,28.4,23.0,15.8,74,42.0
2015-02-08,28.4,21.2,12.2,90,43.8
2015-02-09,24.8,19.4,14.0,86,45.6
2015-02-10,30.2,21.2,14.0,76,43.8
2015-02-11,24.8,19.4,14.0,69,45.6
2015-02-12,30.2,23.0,15.8,77,42.0
2015-02-13,21.2,15.8,6.8,55,49.2
2015-02-14,30.2,17.6,3.2,73,47.4
2015-02-15,19.4,8.6,-2.2,71,56.4
2015-02-16,19.4,8.6,-2.2,44,56.4
2015-02-17,23.0,17.6,10.4,63,47.4
2015-02-18,28.4,23.0,17.6,66,42.0
2015-02-19,30.2,19.4,10.4,71,45.6
2015-02-20,19.4,12.2,5.0,45,52.8
2015-02-21,33.8,19.4,3.2,70,45.6
2015-02-22,39.2,33.8,28.4,85,31.200000000000003
2015-02-23,33.8,19.4,3.2,51,45.6
2015-02-24,19.4,10.4,1.4,60,54.6
2015-02-25,35.6,24.8,14.0,63,40.2
2015-02-26,21.2,19.4,17.6,65,45.6
2015-02-27,26.6,21.2,15.8,41,43.8
2015-02-28,30.2,21.2,12.2,43,43.8
2015-03-01,30.2,21.2,12.2,66,43.8
2015-03-02,37.4,32.0,26.6,67,33.0
2015-03-03,33.8,26.6,19.4,60,38.4
2015-03-04,42.8,37.4,33.8,75,27.6
2015-03-05,39.2,28.4,17.6,56,36.6
2015-03-06,24.8,17.6,8.6,48,47.4
2015-03-07,37.4,28.4,17.6,48,36.6
2015-03-08,42.8,33.8,24.8,58,31.200000000000003
2015-03-09,48.2,37.4,26.6,56,27.6
2015-03-10,48.2,39.2,30.2,69,25.799999999999997
2015-03-11,57.2,46.4,37.4,65,18.6
2015-03-12,42.8,33.8,24.8,42,31.200000000000003
2015-03-13,39.2,32.0,24.8,45,33.0
2015-03-14,39.2,35.6,30.2,80,29.4
2015-03-15,41.0,33.8,26.6,85,31.200000000000003
2015-03-16,44.6,35.6,26.6,41,29.4
2015-03-17,51.8,39.2,28.4,66,25.799999999999997
2015-03-18,30.2,26.6,21.2,35,38.4
2015-03-19,33.8,26.6,19.4,30,38.4
2015-03-20,32.0,28.4,23.0,67,36.6
2015-03-21,41.0,35.6,28.4,78,29.4
2015-03-22,39.2,30.2,21.2,38,34.8
2015-03-23,33.8,26.6,17.6,38,38.4
2015-03-24,35.6,28.4,19.4,59,36.6
2015-03-25,48.2,39.2,28.4,60,25.799999999999997
2015-03-26,55.4,46.4,37.4,86,18.6
2015-03-27,44.6,41.0,37.4,88,24.0
2015-03-28,39.2,35.6,30.2,78,29.4
2015-03-29,42.8,33.8,26.6,40,31.200000000000003
2015-03-30,44.6,37.4,30.2,59,27.6
2015-03-31,50.0,44.6,37.4,51,20.4
2015-04-01,46.4,39.2,30.2,29,25.799999999999997
2015-04-02,60.8,46.4,30.2,44,18.6
2015-04-03,59.0,51.8,44.6,80,13.200000000000003
2015-04-04,51.8,44.6,35.6,66,20.4
2015-04-05,48.2,41.0,32.0,49,24.0
2015-04-06,42.8,39.2,35.6,74,25.799999999999997
2015-04-07,42.8,39.2,35.6,84,25.799999999999997
2015-04-08,42.8,37.4,33.8,73,27.6
2015-04-09,37.4,35.6,33.8,95,29.4
2015-04-10,55.4,46.4,35.6,95,18.6
2015-04-11,57.2,50.0,42.8,61,15.0
2015-04-12,68.0,53.6,39.2,39,11.399999999999999
2015-04-13,69.8,55.4,41.0,43,9.600000000000001
2015-04-14,64.4,59.0,51.8,54,6.0
2015-04-15,66.2,59.0,50.0,28,6.0
2015-04-16,60.8,51.8,41.0,46,13.200000000000003
2015-04-17,64.4,55.4,46.4,70,9.600000000000001
2015-04-18,60.8,51.8,42.8,68,13.200000000000003
2015-04-19,50.0,46.4,41.0,66,18.6
2015-04-20,51.8,46.4,41.0,90,18.6
2015-04-21,64.4,55.4,46.4,71,9.600000000000001
2015-04-22,66.2,55.4,42.8,59,9.600000000000001
2015-04-23,51.8,44.6,37.4,49,20.4
2015-04-24,50.0,44.6,37.4,49,20.4
2015-04-25,55.4,46.4,35.6,46,18.6
2015-04-26,55.4,50.0,42.8,53,15.0
2015-04-27,57.2,51.8,44.6,52,13.200000000000003
2015-04-28,64.4,53.6,42.8,51,11.399999999999999
2015-04-29,53.6,51.8,48.2,64,13.200000000000003
2015-04-30,55.4,50.0,44.6,72,15.0
2015-05-01,48.2,44.6,39.2,82,20.4
2015-05-02,50.0,44.6,39.2,82,20.4
2015-05-03,66.2,55.4,44.6,61,9.600000000000001
2015-05-04,84.2,66.2,48.2,52,-1.2000000000000028
2015-05-05,69.8,62.6,53.6,66,2.3999999999999986
2015-05-06,73.4,62.6,51.8,59,2.3999999999999986
2015-05-07,78.8,66.2,53.6,34,-1.2000000000000028
2015-05-08,71.6,59.0,46.4,61,6.0
2015-05-09,71.6,59.0,46.4,82,6.0
2015-05-10,89.6,73.4,59.0,67,-8.400000000000006
2015-05-11,80.6,64.4,50.0,78,0.5999999999999943
2015-05-12,87.8,68.0,48.2,66,-3.0
2015-05-13,69.8,60.8,53.6,44,4.200000000000003
2015-05-14,69.8,59.0,48.2,36,6.0
2015-05-15,66.2,57.2,48.2,47,7.799999999999997
2015-05-16,71.6,62.6,55.4,67,2.3999999999999986
2015-05-17,66.2,60.8,51.8,89,4.200000000000003
2015-05-18,57.2,53.6,48.2,79,11.399999999999999
2015-05-19,64.4,59.0,51.8,92,6.0
2015-05-20,66.2,59.0,51.8,65,6.0
2015-05-21,66.2,55.4,44.6,44,9.600000000000001
2015-05-22,75.2,64.4,51.8,40,0.5999999999999943
2015-05-23,64.4,55.4,44.6,34,9.600000000000001
2015-05-24,82.4,66.2,51.8,40,-1.2000000000000028
2015-05-25,80.6,69.8,57.2,54,-4.799999999999997
2015-05-26,87.8,75.2,64.4,59,-10.200000000000003
2015-05-27,84.2,75.2,64.4,71,-10.200000000000003
2015-05-28,86.0,75.2,64.4,69,-10.200000000000003
2015-05-29,71.6,64.4,55.4,80,0.5999999999999943
2015-05-30,87.8,73.4,57.2,66,-8.400000000000006
2015-05-31,77.0,62.6,48.2,85,2.3999999999999986
2015-06-01,48.2,48.2,46.4,97,16.799999999999997
2015-06-02,48.2,48.2,46.4,93,16.799999999999997
2015-06-03,55.4,51.8,46.4,82,13.200000000000003
2015-06-04,57.2,53.6,48.2,74,11.399999999999999
2015-06-05,59.0,55.4,50.0,83,9.600000000000001
2015-06-06,66.2,60.8,51.8,73,4.200000000000003
2015-06-07,66.2,60.8,53.6,47,4.200000000000003
2015-06-08,75.2,64.4,53.6,71,0.5999999999999943
2015-06-09,78.8,71.6,64.4,81,-6.599999999999994
2015-06-10,82.4,71.6,62.6,54,-6.599999999999994
2015-06-11,87.8,75.2,64.4,56,-10.200000000000003
2015-06-12,78.8,71.6,64.4,60,-6.599999999999994
2015-06-13,84.2,75.2,64.4,56,-10.200000000000003
2015-06-14,73.4,68.0,62.6,56,-3.0
2015-06-15,62.6,59.0,53.6,84,6.0
2015-06-16,71.6,64.4,55.4,91,0.5999999999999943
2015-06-17,69.8,64.4,59.0,55,0.5999999999999943
2015-06-18,75.2,66.2,57.2,59,-1.2000000000000028
2015-06-19,86.0,75.2,62.6,64,-10.200000000000003
2015-06-20,75.2,66.2,57.2,64,-1.2000000000000028
2015-06-21,75.2,68.0,60.8,91,-3.0
2015-06-22,77.0,69.8,60.8,84,-4.799999999999997
2015-06-23,87.8,73.4,60.8,80,-8.400000000000006
2015-06-24,84.2,75.2,66.2,52,-10.200000000000003
2015-06-25,80.6,73.4,64.4,56,-8.400000000000006
2015-06-26,71.6,66.2,59.0,68,-1.2000000000000028
2015-06-27,68.0,62.6,57.2,76,2.3999999999999986
2015-06-28,59.0,55.4,51.8,94,9.600000000000001
2015-06-29,75.2,64.4,53.6,80,0.5999999999999943
2015-06-30,75.2,68.0,60.8,81,-3.0
2015-07-01,82.4,71.6,62.6,78,-6.599999999999994
2015-07-02,80.6,71.6,64.4,60,-6.599999999999994
2015-07-03,75.2,69.8,62.6,56,-4.799999999999997
2015-07-04,71.6,66.2,62.6,75,-1.2000000000000028
2015-07-05,82.4,71.6,60.8,67,-6.599999999999994
2015-07-06,80.6,73.4,68.0,69,-8.400000000000006
2015-07-07,84.2,75.2,64.4,77,-10.200000000000003
2015-07-08,87.8,78.8,69.8,68,-13.799999999999997
2015-07-09,69.8,66.2,62.6,77,-1.2000000000000028
2015-07-10,77.0,69.8,60.8,74,-4.799999999999997
2015-07-11,82.4,75.2,68.0,49,-10.200000000000003
2015-07-12,89.6,80.6,71.6,54,-15.599999999999994
2015-07-13,77.0,71.6,66.2,81,-6.599999999999994
2015-07-14,82.4,73.4,64.4,72,-8.400000000000006
2015-07-15,82.4,75.2,66.2,87,-10.200000000000003
2015-07-16,68.0,64.4,59.0,65,0.5999999999999943
2015-07-17,75.2,68.0,60.8,72,-3.0
2015-07-18,78.8,71.6,64.4,81,-6.599999999999994
2015-07-19,89.6,80.6,71.6,73,-15.599999999999994
2015-07-20,91.4,80.6,69.8,62,-15.599999999999994
2015-07-21,80.6,75.2,69.8,66,-10.200000000000003
2015-07-22,84.2,77.0,69.8,58,-12.0
2015-07-23,82.4,75.2,66.2,52,-10.200000000000003
2015-07-24,80.6,73.4,66.2,60,-8.400000000000006
2015-07-25,69.8,66.2,62.6,81,-1.2000000000000028
2015-07-26,78.8,71.6,62.6,79,-6.599999999999994
2015-07-27,86.0,77.0,68.0,74,-12.0
2015-07-28,86.0,78.8,69.8,80,-13.799999999999997
2015-07-29,91.4,82.4,71.6,66,-17.400000000000006
2015-07-30,91.4,82.4,73.4,73,-17.400000000000006
2015-07-31,89.6,80.6,73.4,61,-15.599999999999994
2015-08-01,89.6,78.8,68.0,50,-13.799999999999997
2015-08-02,87.8,78.8,68.0,52,-13.799999999999997
2015-08-03,89.6,78.8,68.0,67,-13.799999999999997
2015-08-04,89.6,78.8,66.2,68,-13.799999999999997
2015-08-05,84.2,75.2,64.4,58,-10.200000000000003
2015-08-06,82.4,73.4,64.4,51,-8.400000000000006
2015-08-07,73.4,69.8,64.4,70,-4.799999999999997
2015-08-08,75.2,69.8,60.8,68,-4.799999999999997
2015-08-09,73.4,68.0,62.6,80,-3.0
2015-08-10,82.4,73.4,62.6,67,-8.400000000000006
2015-08-11,71.6,68.0,64.4,94,-3.0
2015-08-12,84.2,77.0,68.0,70,-12.0
2015-08-13,82.4,73.4,66.2,62,-8.400000000000006
2015-08-14,86.0,75.2,62.6,57,-10.200000000000003
2015-08-15,91.4,80.6,68.0,64,-15.599999999999994
2015-08-16,89.6,78.8,66.2,70,-13.799999999999997
2015-08-17,91.4,80.6,71.6,64,-15.599999999999994
2015-08-18,87.8,78.8,71.6,76,-13.799999999999997
2015-08-19,87.8,80.6,71.6,72,-15.599999999999994
2015-08-20,78.8,73.4,68.0,88,-8.400000000000006
2015-08-21,82.4,75.2,66.2,87,-10.200000000000003
2015-08-22,73.4,69.8,66.2,90,-4.799999999999997
2015-08-23,71.6,69.8,66.2,97,-4.799999999999997
2015-08-24,75.2,71.6,68.0,92,-6.599999999999994
2015-08-25,80.6,73.4,66.2,81,-8.400000000000006
2015-08-26,84.2,77.0,69.8,71,-12.0
2015-08-27,82.4,73.4,64.4,54,-8.400000000000006
2015-08-28,75.2,69.8,64.4,63,-4.799999999999997
2015-08-29,82.4,73.4,62.6,59,-8.400000000000006
2015-08-30,87.8,78.8,69.8,58,-13.799999999999997
2015-08-31,89.6,80.6,71.6,60,-15.599999999999994
2015-09-01,78.8,73.4,69.8,65,-8.400000000000006
2015-09-02,91.4,78.8,66.2,63,-13.799999999999997
2015-09-03,82.4,75.2,69.8,73,-10.200000000000003
2015-09-04,71.6,66.2,62.6,78,-1.2000000000000028
2015-09-05,73.4,66.2,57.2,70,-1.2000000000000028
2015-09-06,82.4,71.6,60.8,69,-6.599999999999994
2015-09-07,93.2,80.6,66.2,55,-15.599999999999994
2015-09-08,96.8,84.2,71.6,63,-19.200000000000003
2015-09-09,93.2,82.4,71.6,60,-17.400000000000006
2015-09-10,77.0,71.6,64.4,81,-6.599999999999994
2015-09-11,73.4,68.0,62.6,84,-3.0
2015-09-12,71.6,66.2,60.8,87,-1.2000000000000028
2015-09-13,66.2,64.4,62.6,94,0.5999999999999943
2015-09-14,71.6,64.4,57.2,70,0.5999999999999943
2015-09-15,84.2,73.4,62.6,52,-8.400000000000006
2015-09-16,80.6,73.4,64.4,62,-8.400000000000006
2015-09-17,89.6,77.0,64.4,58,-12.0
2015-09-18,84.2,75.2,64.4,64,-10.200000000000003
2015-09-19,78.8,71.6,62.6,74,-6.599999999999994
2015-09-20,75.2,66.2,57.2,63,-1.2000000000000028
2015-09-21,66.2,60.8,53.6,60,4.200000000000003
2015-09-22,68.0,62.6,55.4,76,2.3999999999999986
2015-09-23,68.0,60.8,53.6,68,4.200000000000003
2015-09-24,73.4,66.2,57.2,62,-1.2000000000000028
2015-09-25,66.2,60.8,55.4,72,4.200000000000003
2015-09-26,62.6,57.2,50.0,64,7.799999999999997
2015-09-27,64.4,55.4,48.2,75,9.600000000000001
2015-09-28,78.8,66.2,55.4,75,-1.2000000000000028
2015-09-29,84.2,75.2,64.4,79,-10.200000000000003
2015-09-30,78.8,68.0,57.2,89,-3.0
2015-10-01,59.0,57.2,53.6,72,7.799999999999997
2015-10-02,53.6,51.8,50.0,73,13.200000000000003
2015-10-03,53.6,51.8,48.2,72,13.200000000000003
2015-10-04,55.4,53.6,51.8,66,11.399999999999999
2015-10-05,60.8,55.4,48.2,80,9.600000000000001
2015-10-06,64.4,55.4,48.2,71,9.600000000000001
2015-10-07,71.6,62.6,51.8,61,2.3999999999999986
2015-10-08,62.6,57.2,51.8,61,7.799999999999997
2015-10-09,71.6,62.6,51.8,75,2.3999999999999986
2015-10-10,60.8,55.4,48.2,53,9.600000000000001
2015-10-11,68.0,57.2,48.2,63,7.799999999999997
2015-10-12,75.2,64.4,51.8,65,0.5999999999999943
2015-10-13,71.6,64.4,55.4,84,0.5999999999999943
2015-10-14,68.0,60.8,51.8,65,4.200000000000003
2015-10-15,62.6,55.4,46.4,55,9.600000000000001
2015-10-16,60.8,55.4,50.0,57,9.600000000000001
2015-10-17,55.4,48.2,39.2,58,16.799999999999997
2015-10-18,46.4,39.2,33.8,46,25.799999999999997
2015-10-19,48.2,39.2,30.2,48,25.799999999999997
2015-10-20,66.2,55.4,44.6,51,9.600000000000001
2015-10-21,60.8,57.2,53.6,76,7.799999999999997
2015-10-22,73.4,62.6,51.8,71,2.3999999999999986
2015-10-23,59.0,50.0,39.2,49,15.0
2015-10-24,48.2,44.6,37.4,71,20.4
2015-10-25,62.6,55.4,48.2,72,9.600000000000001
2015-10-26,51.8,48.2,42.8,57,16.799999999999997
2015-10-27,53.6,46.4,37.4,62,18.6
2015-10-28,64.4,53.6,42.8,83,11.399999999999999
2015-10-29,75.2,66.2,57.2,65,-1.2000000000000028
2015-10-30,60.8,51.8,42.8,41,13.200000000000003
2015-10-31,51.8,44.6,37.4,58,20.4
2015-11-01,62.6,55.4,48.2,73,9.600000000000001
2015-11-02,64.4,57.2,51.8,63,7.799999999999997
2015-11-03,73.4,60.8,46.4,57,4.200000000000003
2015-11-04,60.8,55.4,48.2,69,9.600000000000001
2015-11-05,75.2,62.6,50.0,77,2.3999999999999986
2015-11-06,73.4,68.0,62.6,79,-3.0
2015-11-07,69.8,60.8,50.0,48,4.200000000000003
2015-11-08,55.4,50.0,44.6,48,15.0
2015-11-09,60.8,51.8,41.0,52,13.200000000000003
2015-11-10,53.6,48.2,44.6,67,16.799999999999997
2015-11-11,50.0,48.2,46.4,90,16.799999999999997
2015-11-12,57.2,51.8,46.4,90,13.200000000000003
2015-11-13,59.0,53.6,46.4,65,11.399999999999999
2015-11-14,46.4,42.8,37.4,51,22.200000000000003
2015-11-15,53.6,46.4,37.4,54,18.6
2015-11-16,60.8,50.0,39.2,42,15.0
2015-11-17,44.6,39.2,33.8,62,25.799999999999997
2015-11-18,48.2,39.2,30.2,69,25.799999999999997
2015-11-19,55.4,48.2,42.8,83,16.799999999999997
2015-11-20,60.8,53.6,44.6,69,11.399999999999999
2015-11-21,48.2,42.8,37.4,60,22.200000000000003
2015-11-22,48.2,42.8,35.6,80,22.200000000000003
2015-11-23,42.8,35.6,30.2,56,29.4
2015-11-24,44.6,37.4,28.4,42,27.6
2015-11-25,44.6,37.4,30.2,63,27.6
2015-11-26,59.0,48.2,37.4,79,16.799999999999997
2015-11-27,64.4,55.4,48.2,78,9.600000000000001
2015-11-28,60.8,51.8,41.0,80,13.200000000000003
2015-11-29,44.6,37.4,32.0,58,27.6
2015-11-30,37.4,33.8,28.4,65,31.200000000000003
2015-12-01,44.6,39.2,32.0,83,25.799999999999997
2015-12-02,51.8,44.6,39.2,95,20.4
2015-12-03,51.8,46.4,41.0,75,18.6
2015-12-04,48.2,42.8,37.4,58,22.200000000000003
2015-12-05,53.6,46.4,39.2,65,18.6
2015-12-06,59.0,48.2,35.6,61,16.799999999999997
2015-12-07,55.4,46.4,37.4,60,18.6
