C,Load Hourly Data for Day-ahead and Real-time
C,Filename: OI_darthrmwh_iso_4006_20150101_20150214.csv
C,Time period: 2015-01-01 to 2015-02-14
C,Location/Node: .Z.SEMASS
C,Report generated 2015-12-05 23:03:35 EST
H,,,Day Ahead,Real Time
H,Date,Hour ending,MWH,MWH
D,2015-01-01,01,1497.1,1584.7
D,2015-01-01,02,1405.4,1499.7
D,2015-01-01,03,1381.2,1442.9
D,2015-01-01,04,1366.9,1415.1
D,2015-01-01,05,1362.2,1417.7
D,2015-01-01,06,1427.9,1457.4
D,2015-01-01,07,1539.7,1512.0
D,2015-01-01,08,1603.1,1543.4
D,2015-01-01,09,1662.8,1589.7
D,2015-01-01,10,1739.7,1631.5
D,2015-01-01,11,1767.9,1664.0
D,2015-01-01,12,1765.6,1683.6
D,2015-01-01,13,1767.2,1686.8
D,2015-01-01,14,1746.2,1691.4
D,2015-01-01,15,1735.8,1696.0
D,2015-01-01,16,1770.0,1740.6
D,2015-01-01,17,1938.5,1922.4
D,2015-01-01,18,2113.8,2082.9
D,2015-01-01,19,2092.4,2064.7
D,2015-01-01,20,2044.7,2008.2
D,2015-01-01,21,1968.9,1924.2
D,2015-01-01,22,1838.5,1809.6
D,2015-01-01,23,1676.6,1657.1
D,2015-01-01,24,1522.1,1508.7
D,2015-01-02,01,1430.8,1400.2
D,2015-01-02,02,1369.0,1330.9
D,2015-01-02,03,1340.0,1300.0
D,2015-01-02,04,1338.3,1294.9
D,2015-01-02,05,1376.7,1328.5
D,2015-01-02,06,1491.6,1423.8
D,2015-01-02,07,1698.0,1558.2
D,2015-01-02,08,1800.3,1659.7
D,2015-01-02,09,1830.7,1713.7
D,2015-01-02,10,1839.6,1725.3
D,2015-01-02,11,1850.8,1732.8
D,2015-01-02,12,1850.2,1752.7
D,2015-01-02,13,1852.3,1743.5
D,2015-01-02,14,1822.3,1735.5
D,2015-01-02,15,1838.8,1732.3
D,2015-01-02,16,1888.1,1770.6
D,2015-01-02,17,2018.8,1935.1
D,2015-01-02,18,2162.2,2075.5
D,2015-01-02,19,2111.5,2063.0
D,2015-01-02,20,2054.8,2006.4
D,2015-01-02,21,1969.9,1933.6
D,2015-01-02,22,1844.9,1836.8
D,2015-01-02,23,1684.6,1690.9
D,2015-01-02,24,1482.4,1536.5
D,2015-01-03,01,1451.7,1416.7
D,2015-01-03,02,1382.7,1356.9
D,2015-01-03,03,1372.0,1324.0
D,2015-01-03,04,1362.3,1315.5
D,2015-01-03,05,1356.6,1332.3
D,2015-01-03,06,1412.9,1382.5
D,2015-01-03,07,1510.4,1469.0
D,2015-01-03,08,1597.4,1555.9
D,2015-01-03,09,1705.2,1645.7
D,2015-01-03,10,1789.4,1706.3
D,2015-01-03,11,1809.8,1729.7
D,2015-01-03,12,1809.3,1779.2
D,2015-01-03,13,1804.9,1794.0
D,2015-01-03,14,1761.8,1792.9
D,2015-01-03,15,1751.8,1810.4
D,2015-01-03,16,1780.4,1845.9
D,2015-01-03,17,1964.5,1994.6
D,2015-01-03,18,2123.9,2089.3
D,2015-01-03,19,2042.8,2065.6
D,2015-01-03,20,1978.9,1998.6
D,2015-01-03,21,1898.9,1920.6
D,2015-01-03,22,1788.8,1802.8
D,2015-01-03,23,1643.6,1656.6
D,2015-01-03,24,1492.3,1510.0
D,2015-01-04,01,1361.4,1386.3
D,2015-01-04,02,1289.2,1305.3
D,2015-01-04,03,1233.1,1260.1
D,2015-01-04,04,1213.7,1236.2
D,2015-01-04,05,1194.0,1233.7
D,2015-01-04,06,1229.6,1259.3
D,2015-01-04,07,1297.0,1315.6
D,2015-01-04,08,1370.6,1390.8
D,2015-01-04,09,1497.9,1497.9
D,2015-01-04,10,1577.8,1608.6
D,2015-01-04,11,1622.5,1689.1
D,2015-01-04,12,1641.9,1737.6
D,2015-01-04,13,1640.9,1775.5
D,2015-01-04,14,1602.4,1797.9
D,2015-01-04,15,1586.3,1798.3
D,2015-01-04,16,1591.2,1826.6
D,2015-01-04,17,1785.4,1956.3
D,2015-01-04,18,1900.4,2041.0
D,2015-01-04,19,1848.5,2001.3
D,2015-01-04,20,1806.0,1912.6
D,2015-01-04,21,1737.7,1808.3
D,2015-01-04,22,1599.3,1647.2
D,2015-01-04,23,1461.7,1482.8
D,2015-01-04,24,1329.0,1337.0
D,2015-01-05,01,1236.8,1241.2
D,2015-01-05,02,1203.7,1193.2
D,2015-01-05,03,1172.4,1179.4
D,2015-01-05,04,1169.8,1190.6
D,2015-01-05,05,1208.3,1246.2
D,2015-01-05,06,1335.8,1376.3
D,2015-01-05,07,1655.5,1625.8
D,2015-01-05,08,1737.6,1748.7
D,2015-01-05,09,1794.1,1753.0
D,2015-01-05,10,1846.1,1739.6
D,2015-01-05,11,1845.8,1743.9
D,2015-01-05,12,1882.1,1739.4
D,2015-01-05,13,1852.1,1730.5
D,2015-01-05,14,1830.4,1744.4
D,2015-01-05,15,1828.0,1769.2
D,2015-01-05,16,1861.3,1839.4
D,2015-01-05,17,2042.8,2025.2
D,2015-01-05,18,2266.0,2218.9
D,2015-01-05,19,2230.9,2240.8
D,2015-01-05,20,2188.1,2200.9
D,2015-01-05,21,2097.2,2123.1
D,2015-01-05,22,1959.6,1982.1
D,2015-01-05,23,1732.8,1800.8
D,2015-01-05,24,1581.7,1637.8
D,2015-01-06,01,1482.0,1541.4
D,2015-01-06,02,1427.1,1495.9
D,2015-01-06,03,1401.8,1482.0
D,2015-01-06,04,1400.2,1486.4
D,2015-01-06,05,1428.0,1532.9
D,2015-01-06,06,1555.7,1665.1
D,2015-01-06,07,1834.2,1900.8
D,2015-01-06,08,1940.1,2037.9
D,2015-01-06,09,1958.3,2058.8
D,2015-01-06,10,1959.7,2082.0
D,2015-01-06,11,1964.3,2092.6
D,2015-01-06,12,1967.6,2102.5
D,2015-01-06,13,1944.5,2080.9
D,2015-01-06,14,1910.4,2062.2
D,2015-01-06,15,1890.4,2050.7
D,2015-01-06,16,1918.9,2093.7
D,2015-01-06,17,2065.4,2233.2
D,2015-01-06,18,2306.1,2381.2
D,2015-01-06,19,2238.4,2381.5
D,2015-01-06,20,2163.2,2331.6
D,2015-01-06,21,2086.4,2239.5
D,2015-01-06,22,1939.5,2082.5
D,2015-01-06,23,1743.3,1886.3
D,2015-01-06,24,1573.3,1727.5
D,2015-01-07,01,1466.1,1626.3
D,2015-01-07,02,1447.8,1575.7
D,2015-01-07,03,1426.1,1551.4
D,2015-01-07,04,1407.2,1548.2
D,2015-01-07,05,1447.6,1585.9
D,2015-01-07,06,1586.8,1710.1
D,2015-01-07,07,1882.2,1946.0
D,2015-01-07,08,2028.6,2070.3
D,2015-01-07,09,2031.8,2070.9
D,2015-01-07,10,2049.6,2039.8
D,2015-01-07,11,2046.9,1991.9
D,2015-01-07,12,2034.3,1963.0
D,2015-01-07,13,2025.2,1978.3
D,2015-01-07,14,2001.7,1983.8
D,2015-01-07,15,1978.5,2002.0
D,2015-01-07,16,1998.5,2061.4
D,2015-01-07,17,2106.7,2227.8
D,2015-01-07,18,2313.3,2394.8
D,2015-01-07,19,2290.0,2421.3
D,2015-01-07,20,2240.5,2393.2
D,2015-01-07,21,2157.3,2325.6
D,2015-01-07,22,2048.5,2190.7
D,2015-01-07,23,1877.8,2017.2
D,2015-01-07,24,1707.2,1850.6
D,2015-01-08,01,1632.7,1758.5
D,2015-01-08,02,1594.5,1718.9
D,2015-01-08,03,1574.9,1709.8
D,2015-01-08,04,1575.0,1711.7
D,2015-01-08,05,1627.3,1768.8
D,2015-01-08,06,1756.6,1901.0
D,2015-01-08,07,2071.5,2134.8
D,2015-01-08,08,2153.6,2248.1
D,2015-01-08,09,2127.7,2249.9
D,2015-01-08,10,2138.7,2227.9
D,2015-01-08,11,2136.7,2198.8
D,2015-01-08,12,2108.3,2164.0
D,2015-01-08,13,2060.8,2121.9
D,2015-01-08,14,2028.8,2099.7
D,2015-01-08,15,1962.4,2091.4
D,2015-01-08,16,1980.4,2133.5
D,2015-01-08,17,2171.4,2281.1
D,2015-01-08,18,2321.7,2437.4
D,2015-01-08,19,2349.7,2443.3
D,2015-01-08,20,2274.4,2391.1
D,2015-01-08,21,2191.4,2295.7
D,2015-01-08,22,2025.0,2137.3
D,2015-01-08,23,1803.6,1940.0
D,2015-01-08,24,1610.5,1760.3
D,2015-01-09,01,1543.3,1663.0
D,2015-01-09,02,1490.9,1605.7
D,2015-01-09,03,1452.9,1573.2
D,2015-01-09,04,1448.7,1555.4
D,2015-01-09,05,1474.7,1581.8
D,2015-01-09,06,1607.3,1688.2
D,2015-01-09,07,1816.0,1896.4
D,2015-01-09,08,1929.7,2015.8
D,2015-01-09,09,1971.7,2027.3
D,2015-01-09,10,1989.0,2052.2
D,2015-01-09,11,2001.3,2077.3
D,2015-01-09,12,1999.3,2093.0
D,2015-01-09,13,2000.5,2068.1
D,2015-01-09,14,1961.7,2040.7
D,2015-01-09,15,1920.8,2004.7
D,2015-01-09,16,1951.2,2001.1
D,2015-01-09,17,2094.1,2106.5
D,2015-01-09,18,2268.8,2245.5
D,2015-01-09,19,2216.9,2235.7
D,2015-01-09,20,2164.9,2183.7
D,2015-01-09,21,2073.1,2108.3
D,2015-01-09,22,1943.6,1997.2
D,2015-01-09,23,1793.3,1851.5
D,2015-01-09,24,1599.9,1706.9
D,2015-01-10,01,1560.7,1604.6
D,2015-01-10,02,1495.2,1542.8
D,2015-01-10,03,1443.8,1517.3
D,2015-01-10,04,1446.0,1510.8
D,2015-01-10,05,1482.3,1536.9
D,2015-01-10,06,1530.7,1610.6
D,2015-01-10,07,1656.0,1718.6
D,2015-01-10,08,1758.0,1816.4
D,2015-01-10,09,1868.8,1890.7
D,2015-01-10,10,1901.3,1925.3
D,2015-01-10,11,1922.4,1919.5
D,2015-01-10,12,1913.5,1901.0
D,2015-01-10,13,1917.2,1871.7
D,2015-01-10,14,1894.4,1858.0
D,2015-01-10,15,1871.1,1873.7
D,2015-01-10,16,1874.8,1915.2
D,2015-01-10,17,2054.2,2054.7
D,2015-01-10,18,2215.9,2164.4
D,2015-01-10,19,2190.6,2167.3
D,2015-01-10,20,2154.4,2103.0
D,2015-01-10,21,2071.2,2075.9
D,2015-01-10,22,1971.7,1994.3
D,2015-01-10,23,1825.5,1858.4
D,2015-01-10,24,1671.7,1727.5
D,2015-01-11,01,1549.2,1622.2
D,2015-01-11,02,1502.7,1560.5
D,2015-01-11,03,1483.3,1533.2
D,2015-01-11,04,1468.2,1528.0
D,2015-01-11,05,1473.5,1537.0
D,2015-01-11,06,1523.3,1573.3
D,2015-01-11,07,1565.6,1638.3
D,2015-01-11,08,1640.2,1700.1
D,2015-01-11,09,1733.2,1778.0
D,2015-01-11,10,1806.2,1827.7
D,2015-01-11,11,1843.6,1843.8
D,2015-01-11,12,1857.3,1897.6
D,2015-01-11,13,1872.1,1918.2
D,2015-01-11,14,1847.9,1904.8
D,2015-01-11,15,1830.0,1907.5
D,2015-01-11,16,1861.2,1948.3
D,2015-01-11,17,2025.7,2091.8
D,2015-01-11,18,2151.6,2206.5
D,2015-01-11,19,2167.1,2176.6
D,2015-01-11,20,2103.8,2096.9
D,2015-01-11,21,1991.6,1997.0
D,2015-01-11,22,1872.9,1842.8
D,2015-01-11,23,1722.2,1668.8
D,2015-01-11,24,1525.9,1519.9
D,2015-01-12,01,1424.3,1424.8
D,2015-01-12,02,1359.4,1372.8
D,2015-01-12,03,1322.7,1346.1
D,2015-01-12,04,1353.0,1346.9
D,2015-01-12,05,1368.4,1392.3
D,2015-01-12,06,1504.8,1519.9
D,2015-01-12,07,1787.0,1747.6
D,2015-01-12,08,1878.0,1871.0
D,2015-01-12,09,1870.1,1880.6
D,2015-01-12,10,1878.8,1893.9
D,2015-01-12,11,1900.4,1924.5
D,2015-01-12,12,1889.8,1934.9
D,2015-01-12,13,1874.7,1935.9
D,2015-01-12,14,1838.7,1939.7
D,2015-01-12,15,1832.7,1929.4
D,2015-01-12,16,1876.8,1958.6
D,2015-01-12,17,2030.3,2077.9
D,2015-01-12,18,2241.7,2174.8
D,2015-01-12,19,2198.4,2161.5
D,2015-01-12,20,2153.6,2098.1
D,2015-01-12,21,2055.6,2000.2
D,2015-01-12,22,1932.6,1843.1
D,2015-01-12,23,1747.5,1658.2
D,2015-01-12,24,1545.0,1500.2
D,2015-01-13,01,1379.0,1408.2
D,2015-01-13,02,1321.1,1355.9
D,2015-01-13,03,1306.3,1339.4
D,2015-01-13,04,1310.4,1347.5
D,2015-01-13,05,1415.5,1399.6
D,2015-01-13,06,1562.0,1544.8
D,2015-01-13,07,1835.9,1792.8
D,2015-01-13,08,1943.9,1926.7
D,2015-01-13,09,1965.1,1936.8
D,2015-01-13,10,1988.0,1925.4
D,2015-01-13,11,1999.1,1903.0
D,2015-01-13,12,1998.8,1894.2
D,2015-01-13,13,1988.4,1879.8
D,2015-01-13,14,1978.2,1894.4
D,2015-01-13,15,1977.8,1900.6
D,2015-01-13,16,2006.4,1955.8
D,2015-01-13,17,2142.5,2116.6
D,2015-01-13,18,2355.7,2294.3
D,2015-01-13,19,2370.3,2306.7
D,2015-01-13,20,2302.5,2260.5
D,2015-01-13,21,2219.4,2175.0
D,2015-01-13,22,2072.1,2020.5
D,2015-01-13,23,1881.6,1826.2
D,2015-01-13,24,1713.2,1673.6
D,2015-01-14,01,1591.1,1570.7
D,2015-01-14,02,1557.4,1521.2
D,2015-01-14,03,1519.2,1502.1
D,2015-01-14,04,1517.8,1499.8
D,2015-01-14,05,1528.0,1539.8
D,2015-01-14,06,1691.7,1671.4
D,2015-01-14,07,1950.7,1902.5
D,2015-01-14,08,2061.8,2039.2
D,2015-01-14,09,2034.9,2055.3
D,2015-01-14,10,2086.4,2069.4
D,2015-01-14,11,2092.9,2079.4
D,2015-01-14,12,2042.8,2081.1
D,2015-01-14,13,2024.1,2062.0
D,2015-01-14,14,1986.4,2052.9
D,2015-01-14,15,1947.9,2038.0
D,2015-01-14,16,1980.8,2057.9
D,2015-01-14,17,2171.5,2167.9
D,2015-01-14,18,2329.3,2291.0
D,2015-01-14,19,2294.1,2284.1
D,2015-01-14,20,2243.7,2227.5
D,2015-01-14,21,2141.2,2129.7
D,2015-01-14,22,1999.1,1980.1
D,2015-01-14,23,1767.9,1784.0
D,2015-01-14,24,1587.9,1616.9
D,2015-01-15,01,1469.8,1511.2
D,2015-01-15,02,1440.9,1454.7
D,2015-01-15,03,1397.2,1431.0
D,2015-01-15,04,1403.1,1430.9
D,2015-01-15,05,1441.4,1469.6
D,2015-01-15,06,1585.1,1598.3
D,2015-01-15,07,1830.8,1836.2
D,2015-01-15,08,1956.7,1960.8
D,2015-01-15,09,1949.9,1977.5
D,2015-01-15,10,1949.7,1997.3
D,2015-01-15,11,1945.3,2011.5
D,2015-01-15,12,1935.5,2020.5
D,2015-01-15,13,1916.1,2006.6
D,2015-01-15,14,1907.2,1998.8
D,2015-01-15,15,1902.4,1982.2
D,2015-01-15,16,1934.7,2003.2
D,2015-01-15,17,2073.2,2098.2
D,2015-01-15,18,2257.5,2227.0
D,2015-01-15,19,2251.3,2227.6
D,2015-01-15,20,2208.4,2179.7
D,2015-01-15,21,2120.2,2091.4
D,2015-01-15,22,1973.2,1946.3
D,2015-01-15,23,1744.3,1773.6
D,2015-01-15,24,1597.1,1624.8
D,2015-01-16,01,1503.7,1528.3
D,2015-01-16,02,1458.5,1480.5
D,2015-01-16,03,1406.0,1463.3
D,2015-01-16,04,1385.6,1466.5
D,2015-01-16,05,1429.3,1510.0
D,2015-01-16,06,1557.3,1639.1
D,2015-01-16,07,1841.6,1864.6
D,2015-01-16,08,1933.2,1974.4
D,2015-01-16,09,1924.6,1978.3
D,2015-01-16,10,1930.1,1982.8
D,2015-01-16,11,1926.6,1955.2
D,2015-01-16,12,1925.4,1882.4
D,2015-01-16,13,1908.2,1844.0
D,2015-01-16,14,1892.3,1867.7
D,2015-01-16,15,1893.5,1876.7
D,2015-01-16,16,1916.4,1887.9
D,2015-01-16,17,2042.0,1993.8
D,2015-01-16,18,2269.6,2148.0
D,2015-01-16,19,2254.5,2155.0
D,2015-01-16,20,2202.9,2118.3
D,2015-01-16,21,2128.7,2055.7
D,2015-01-16,22,2002.8,1956.2
D,2015-01-16,23,1850.5,1819.9
D,2015-01-16,24,1688.8,1680.2
D,2015-01-17,01,1621.9,1587.8
D,2015-01-17,02,1559.2,1540.6
D,2015-01-17,03,1527.3,1519.6
D,2015-01-17,04,1509.7,1519.8
D,2015-01-17,05,1523.7,1542.1
D,2015-01-17,06,1582.3,1608.5
D,2015-01-17,07,1712.4,1713.4
D,2015-01-17,08,1820.8,1817.3
D,2015-01-17,09,1917.3,1903.7
D,2015-01-17,10,1960.6,1934.8
D,2015-01-17,11,1983.4,1931.4
D,2015-01-17,12,1980.6,1907.3
D,2015-01-17,13,1961.8,1864.1
D,2015-01-17,14,1934.4,1829.8
D,2015-01-17,15,1899.5,1822.5
D,2015-01-17,16,1921.5,1861.8
D,2015-01-17,17,2073.1,1983.2
D,2015-01-17,18,2222.9,2148.4
D,2015-01-17,19,2193.4,2140.7
D,2015-01-17,20,2132.9,2088.8
D,2015-01-17,21,2051.6,2021.4
D,2015-01-17,22,1937.7,1921.5
D,2015-01-17,23,1790.6,1784.3
D,2015-01-17,24,1627.5,1648.0
D,2015-01-18,01,1497.5,1540.9
D,2015-01-18,02,1398.5,1474.3
D,2015-01-18,03,1367.5,1428.5
D,2015-01-18,04,1327.5,1400.1
D,2015-01-18,05,1329.4,1400.0
D,2015-01-18,06,1365.8,1431.5
D,2015-01-18,07,1429.0,1486.5
D,2015-01-18,08,1494.8,1546.8
D,2015-01-18,09,1594.7,1639.8
D,2015-01-18,10,1727.7,1712.7
D,2015-01-18,11,1754.4,1758.1
D,2015-01-18,12,1778.8,1772.8
D,2015-01-18,13,1754.8,1750.9
D,2015-01-18,14,1738.8,1740.0
D,2015-01-18,15,1696.5,1739.3
D,2015-01-18,16,1753.2,1764.7
D,2015-01-18,17,1923.6,1860.9
D,2015-01-18,18,2053.9,1964.4
D,2015-01-18,19,2020.4,1916.5
D,2015-01-18,20,1968.4,1809.1
D,2015-01-18,21,1900.4,1736.0
D,2015-01-18,22,1728.6,1638.1
D,2015-01-18,23,1575.3,1530.4
D,2015-01-18,24,1415.9,1396.8
D,2015-01-19,01,1367.2,1292.7
D,2015-01-19,02,1301.4,1238.9
D,2015-01-19,03,1289.4,1218.6
D,2015-01-19,04,1289.5,1222.3
D,2015-01-19,05,1321.3,1262.9
D,2015-01-19,06,1421.6,1363.3
D,2015-01-19,07,1606.9,1512.9
D,2015-01-19,08,1742.4,1628.0
D,2015-01-19,09,1796.9,1693.3
D,2015-01-19,10,1847.3,1731.5
D,2015-01-19,11,1878.2,1783.7
D,2015-01-19,12,1883.1,1801.2
D,2015-01-19,13,1865.3,1793.8
D,2015-01-19,14,1838.0,1776.3
D,2015-01-19,15,1829.8,1774.7
D,2015-01-19,16,1863.6,1821.8
D,2015-01-19,17,2013.7,1937.7
D,2015-01-19,18,2199.2,2114.0
D,2015-01-19,19,2183.7,2113.4
D,2015-01-19,20,2131.3,2057.3
D,2015-01-19,21,2040.4,1962.5
D,2015-01-19,22,1904.3,1813.5
D,2015-01-19,23,1750.4,1633.7
D,2015-01-19,24,1569.9,1481.6
D,2015-01-20,01,1424.4,1403.7
D,2015-01-20,02,1396.4,1349.9
D,2015-01-20,03,1372.6,1333.6
D,2015-01-20,04,1354.6,1338.4
D,2015-01-20,05,1402.6,1385.9
D,2015-01-20,06,1534.2,1532.2
D,2015-01-20,07,1777.3,1766.2
D,2015-01-20,08,1872.7,1874.3
D,2015-01-20,09,1895.8,1851.8
D,2015-01-20,10,1910.9,1816.9
D,2015-01-20,11,1911.5,1804.5
D,2015-01-20,12,1926.0,1780.2
D,2015-01-20,13,1888.0,1743.1
D,2015-01-20,14,1876.9,1735.9
D,2015-01-20,15,1877.4,1749.4
D,2015-01-20,16,1906.5,1813.9
D,2015-01-20,17,2072.6,1942.0
D,2015-01-20,18,2226.0,2123.5
D,2015-01-20,19,2225.2,2146.0
D,2015-01-20,20,2178.9,2095.7
D,2015-01-20,21,2087.6,2015.4
D,2015-01-20,22,1946.8,1866.8
D,2015-01-20,23,1770.4,1687.3
D,2015-01-20,24,1600.0,1531.6
D,2015-01-21,01,1475.5,1439.9
D,2015-01-21,02,1469.3,1396.1
D,2015-01-21,03,1422.6,1377.1
D,2015-01-21,04,1428.8,1382.7
D,2015-01-21,05,1468.8,1436.1
D,2015-01-21,06,1583.6,1583.7
D,2015-01-21,07,1830.9,1828.9
D,2015-01-21,08,1922.0,1944.8
D,2015-01-21,09,1918.8,1912.0
D,2015-01-21,10,1876.7,1862.8
D,2015-01-21,11,1929.5,1833.9
D,2015-01-21,12,1934.1,1840.6
D,2015-01-21,13,1919.4,1822.5
D,2015-01-21,14,1910.6,1835.9
D,2015-01-21,15,1886.8,1808.3
D,2015-01-21,16,1904.1,1846.0
D,2015-01-21,17,2051.7,1976.6
D,2015-01-21,18,2226.4,2160.5
D,2015-01-21,19,2228.0,2182.5
D,2015-01-21,20,2152.7,2125.4
D,2015-01-21,21,2062.1,2031.5
D,2015-01-21,22,1940.4,1867.4
D,2015-01-21,23,1771.2,1677.5
D,2015-01-21,24,1587.7,1518.7
D,2015-01-22,01,1471.4,1415.8
D,2015-01-22,02,1408.7,1360.9
D,2015-01-22,03,1385.0,1339.0
D,2015-01-22,04,1373.4,1339.1
D,2015-01-22,05,1390.7,1384.2
D,2015-01-22,06,1525.6,1520.0
D,2015-01-22,07,1782.4,1759.1
D,2015-01-22,08,1896.3,1879.8
D,2015-01-22,09,1887.3,1888.2
D,2015-01-22,10,1880.0,1874.4
D,2015-01-22,11,1904.5,1847.5
D,2015-01-22,12,1895.4,1799.2
D,2015-01-22,13,1876.0,1792.1
D,2015-01-22,14,1868.2,1801.9
D,2015-01-22,15,1838.4,1796.6
D,2015-01-22,16,1865.2,1822.4
D,2015-01-22,17,2013.6,1926.2
D,2015-01-22,18,2190.3,2108.6
D,2015-01-22,19,2179.4,2123.2
D,2015-01-22,20,2147.7,2075.4
D,2015-01-22,21,2060.9,1993.4
D,2015-01-22,22,1889.4,1849.4
D,2015-01-22,23,1709.5,1668.6
D,2015-01-22,24,1538.2,1519.0
D,2015-01-23,01,1436.2,1427.5
D,2015-01-23,02,1427.7,1381.3
D,2015-01-23,03,1386.9,1366.9
D,2015-01-23,04,1377.8,1378.1
D,2015-01-23,05,1403.9,1426.8
D,2015-01-23,06,1544.5,1567.4
D,2015-01-23,07,1790.7,1807.0
D,2015-01-23,08,1890.9,1923.8
D,2015-01-23,09,1847.4,1900.0
D,2015-01-23,10,1853.0,1854.7
D,2015-01-23,11,1845.2,1821.3
D,2015-01-23,12,1840.7,1787.7
D,2015-01-23,13,1811.6,1750.3
D,2015-01-23,14,1810.4,1734.9
D,2015-01-23,15,1810.9,1725.2
D,2015-01-23,16,1808.0,1767.2
D,2015-01-23,17,1941.3,1875.4
D,2015-01-23,18,2086.1,2044.9
D,2015-01-23,19,2105.1,2053.6
D,2015-01-23,20,2044.0,2005.2
D,2015-01-23,21,1986.0,1932.5
D,2015-01-23,22,1828.2,1818.6
D,2015-01-23,23,1681.9,1676.8
D,2015-01-23,24,1525.9,1528.2
D,2015-01-24,01,1424.7,1420.9
D,2015-01-24,02,1361.0,1351.3
D,2015-01-24,03,1320.7,1314.0
D,2015-01-24,04,1328.9,1298.8
D,2015-01-24,05,1316.8,1314.8
D,2015-01-24,06,1375.4,1368.7
D,2015-01-24,07,1449.5,1466.5
D,2015-01-24,08,1529.3,1569.8
D,2015-01-24,09,1682.3,1690.7
D,2015-01-24,10,1763.6,1798.6
D,2015-01-24,11,1795.7,1867.0
D,2015-01-24,12,1746.9,1889.3
D,2015-01-24,13,1764.7,1890.5
D,2015-01-24,14,1751.9,1885.7
D,2015-01-24,15,1698.9,1874.3
D,2015-01-24,16,1767.8,1875.2
D,2015-01-24,17,1883.6,1937.9
D,2015-01-24,18,2018.0,2049.7
D,2015-01-24,19,1965.8,2024.2
D,2015-01-24,20,1913.1,1951.8
D,2015-01-24,21,1835.7,1868.8
D,2015-01-24,22,1758.1,1754.4
D,2015-01-24,23,1598.7,1622.7
D,2015-01-24,24,1506.9,1494.8
D,2015-01-25,01,1416.2,1396.5
D,2015-01-25,02,1341.4,1339.1
D,2015-01-25,03,1334.8,1307.9
D,2015-01-25,04,1318.6,1299.2
D,2015-01-25,05,1306.8,1309.2
D,2015-01-25,06,1345.5,1346.5
D,2015-01-25,07,1417.2,1416.3
D,2015-01-25,08,1498.2,1488.6
D,2015-01-25,09,1574.1,1598.3
D,2015-01-25,10,1643.4,1657.8
D,2015-01-25,11,1681.6,1657.1
D,2015-01-25,12,1702.0,1651.9
D,2015-01-25,13,1702.2,1634.3
D,2015-01-25,14,1690.3,1613.2
D,2015-01-25,15,1675.1,1612.9
D,2015-01-25,16,1707.0,1669.8
D,2015-01-25,17,1867.1,1821.8
D,2015-01-25,18,1999.4,2038.6
D,2015-01-25,19,2055.0,2062.3
D,2015-01-25,20,1997.3,2018.3
D,2015-01-25,21,1949.1,1941.1
D,2015-01-25,22,1782.4,1818.2
D,2015-01-25,23,1646.8,1664.2
D,2015-01-25,24,1512.3,1532.8
D,2015-01-26,01,1482.1,1447.8
D,2015-01-26,02,1468.7,1407.2
D,2015-01-26,03,1434.7,1396.1
D,2015-01-26,04,1417.4,1411.3
D,2015-01-26,05,1460.4,1470.5
D,2015-01-26,06,1596.3,1627.9
D,2015-01-26,07,1866.8,1888.0
D,2015-01-26,08,1989.6,2014.4
D,2015-01-26,09,1992.7,2034.8
D,2015-01-26,10,2003.0,2047.5
D,2015-01-26,11,2067.7,2049.4
D,2015-01-26,12,2015.1,2065.5
D,2015-01-26,13,1940.4,2074.4
D,2015-01-26,14,1926.0,2070.1
D,2015-01-26,15,1896.5,2053.1
D,2015-01-26,16,1922.6,2064.0
D,2015-01-26,17,2063.3,2162.9
D,2015-01-26,18,2270.9,2320.2
D,2015-01-26,19,2249.2,2318.3
D,2015-01-26,20,2195.4,2217.9
D,2015-01-26,21,2076.1,2095.1
D,2015-01-26,22,1925.4,1945.4
D,2015-01-26,23,1720.9,1789.5
D,2015-01-26,24,1584.6,1648.4
D,2015-01-27,01,1416.8,1553.8
D,2015-01-27,02,1351.8,1501.5
D,2015-01-27,03,1348.6,1467.2
D,2015-01-27,04,1352.6,1455.9
D,2015-01-27,05,1373.5,1475.7
D,2015-01-27,06,1488.0,1523.1
D,2015-01-27,07,1738.0,1596.5
D,2015-01-27,08,1824.5,1658.1
D,2015-01-27,09,1862.5,1749.9
D,2015-01-27,10,1873.9,1823.9
D,2015-01-27,11,1942.9,1860.5
D,2015-01-27,12,1916.1,1885.7
D,2015-01-27,13,1882.3,1909.4
D,2015-01-27,14,1852.1,1898.6
D,2015-01-27,15,1832.8,1882.1
D,2015-01-27,16,1858.3,1888.1
D,2015-01-27,17,1949.1,1982.0
D,2015-01-27,18,2148.6,2161.0
D,2015-01-27,19,2100.0,2163.1
D,2015-01-27,20,2059.8,2083.9
D,2015-01-27,21,1943.6,1996.6
D,2015-01-27,22,1805.7,1871.4
D,2015-01-27,23,1658.6,1727.5
D,2015-01-27,24,1530.0,1601.7
D,2015-01-28,01,1449.2,1524.2
D,2015-01-28,02,1413.5,1483.7
D,2015-01-28,03,1385.7,1468.6
D,2015-01-28,04,1378.4,1470.5
D,2015-01-28,05,1395.8,1504.6
D,2015-01-28,06,1549.6,1584.4
D,2015-01-28,07,1764.5,1717.6
D,2015-01-28,08,1861.8,1825.2
D,2015-01-28,09,1882.3,1916.1
D,2015-01-28,10,1873.8,1959.0
D,2015-01-28,11,1880.5,1960.1
D,2015-01-28,12,1868.3,1969.6
D,2015-01-28,13,1819.9,1975.8
D,2015-01-28,14,1790.3,1976.8
D,2015-01-28,15,1774.0,1959.1
D,2015-01-28,16,1797.1,1966.0
D,2015-01-28,17,1908.6,2056.0
D,2015-01-28,18,2135.6,2263.1
D,2015-01-28,19,2101.0,2287.9
D,2015-01-28,20,2042.5,2223.7
D,2015-01-28,21,1979.1,2125.3
D,2015-01-28,22,1847.8,1971.9
D,2015-01-28,23,1701.1,1797.0
D,2015-01-28,24,1540.6,1653.4
D,2015-01-29,01,1529.1,1565.3
D,2015-01-29,02,1499.6,1524.6
D,2015-01-29,03,1465.7,1511.9
D,2015-01-29,04,1493.6,1523.9
D,2015-01-29,05,1525.1,1577.8
D,2015-01-29,06,1654.7,1708.8
D,2015-01-29,07,1918.5,1927.5
D,2015-01-29,08,1998.6,2031.0
D,2015-01-29,09,1953.3,2021.9
D,2015-01-29,10,1937.5,1986.1
D,2015-01-29,11,1948.3,1946.0
D,2015-01-29,12,1955.7,1907.0
D,2015-01-29,13,1908.5,1866.2
D,2015-01-29,14,1881.4,1840.2
D,2015-01-29,15,1874.3,1820.4
D,2015-01-29,16,1890.0,1848.6
D,2015-01-29,17,1988.8,1951.9
D,2015-01-29,18,2130.4,2149.1
D,2015-01-29,19,2153.7,2190.1
D,2015-01-29,20,2132.4,2157.2
D,2015-01-29,21,2036.8,2081.9
D,2015-01-29,22,1883.3,1936.6
D,2015-01-29,23,1712.8,1754.7
D,2015-01-29,24,1548.2,1590.4
D,2015-01-30,01,1414.4,1497.2
D,2015-01-30,02,1346.9,1440.8
D,2015-01-30,03,1303.6,1416.6
D,2015-01-30,04,1268.5,1415.0
D,2015-01-30,05,1307.2,1449.7
D,2015-01-30,06,1430.9,1570.1
D,2015-01-30,07,1674.0,1784.9
D,2015-01-30,08,1759.5,1903.9
D,2015-01-30,09,1831.4,1934.8
D,2015-01-30,10,1832.9,1961.5
D,2015-01-30,11,1833.8,1972.9
D,2015-01-30,12,1849.2,1956.8
D,2015-01-30,13,1831.4,1937.2
D,2015-01-30,14,1821.2,1927.7
D,2015-01-30,15,1812.5,1914.1
D,2015-01-30,16,1839.0,1919.9
D,2015-01-30,17,1938.8,1983.6
D,2015-01-30,18,2090.6,2098.8
D,2015-01-30,19,2093.8,2105.6
D,2015-01-30,20,2044.3,2057.2
D,2015-01-30,21,1966.4,1993.3
D,2015-01-30,22,1839.6,1892.4
D,2015-01-30,23,1685.5,1763.2
D,2015-01-30,24,1537.5,1635.0
D,2015-01-31,01,1576.4,1548.4
D,2015-01-31,02,1543.1,1507.5
D,2015-01-31,03,1503.1,1493.2
D,2015-01-31,04,1504.3,1497.4
D,2015-01-31,05,1527.4,1525.2
D,2015-01-31,06,1586.1,1593.2
D,2015-01-31,07,1688.7,1704.7
D,2015-01-31,08,1793.9,1819.4
D,2015-01-31,09,1937.2,1940.4
D,2015-01-31,10,1985.2,2008.7
D,2015-01-31,11,2000.5,2010.4
D,2015-01-31,12,1947.1,1988.6
D,2015-01-31,13,1931.9,1944.2
D,2015-01-31,14,1906.0,1894.6
D,2015-01-31,15,1876.1,1876.5
D,2015-01-31,16,1874.8,1903.1
D,2015-01-31,17,2032.9,1999.6
D,2015-01-31,18,2214.7,2184.8
D,2015-01-31,19,2198.6,2212.6
D,2015-01-31,20,2147.4,2168.9
D,2015-01-31,21,2072.5,2100.8
D,2015-01-31,22,1965.6,1999.6
D,2015-01-31,23,1829.1,1868.6
D,2015-01-31,24,1693.6,1733.5
D,2015-02-01,01,1600.0,1638.0
D,2015-02-01,02,1537.5,1584.6
D,2015-02-01,03,1507.9,1555.9
D,2015-02-01,04,1499.3,1545.4
D,2015-02-01,05,1490.8,1552.9
D,2015-02-01,06,1518.5,1589.0
D,2015-02-01,07,1592.2,1656.8
D,2015-02-01,08,1650.3,1728.7
D,2015-02-01,09,1732.9,1794.9
D,2015-02-01,10,1796.6,1835.1
D,2015-02-01,11,1818.0,1836.4
D,2015-02-01,12,1837.0,1828.4
D,2015-02-01,13,1840.7,1814.9
D,2015-02-01,14,1825.1,1802.7
D,2015-02-01,15,1813.2,1799.9
D,2015-02-01,16,1846.3,1842.9
D,2015-02-01,17,1953.8,1948.6
D,2015-02-01,18,2110.5,2141.4
D,2015-02-01,19,2154.3,2081.4
D,2015-02-01,20,2104.0,1956.7
D,2015-02-01,21,2016.6,1900.9
D,2015-02-01,22,1886.4,1816.7
D,2015-02-01,23,1741.7,1740.7
D,2015-02-01,24,1603.6,1653.5
D,2015-02-02,01,1537.6,1535.5
D,2015-02-02,02,1495.5,1470.9
D,2015-02-02,03,1509.3,1446.8
D,2015-02-02,04,1490.2,1448.6
D,2015-02-02,05,1509.7,1488.5
D,2015-02-02,06,1676.0,1573.0
D,2015-02-02,07,1899.0,1700.1
D,2015-02-02,08,2009.1,1800.2
D,2015-02-02,09,2003.8,1892.5
D,2015-02-02,10,2016.3,1985.8
D,2015-02-02,11,2045.3,2038.6
D,2015-02-02,12,2044.4,2073.1
D,2015-02-02,13,2025.4,2090.0
D,2015-02-02,14,1981.3,2080.2
D,2015-02-02,15,1950.0,2059.9
D,2015-02-02,16,1965.2,2078.4
D,2015-02-02,17,2086.7,2159.3
D,2015-02-02,18,2237.4,2329.1
D,2015-02-02,19,2300.1,2344.5
D,2015-02-02,20,2248.8,2268.1
D,2015-02-02,21,2128.2,2165.6
D,2015-02-02,22,2004.4,2017.2
D,2015-02-02,23,1832.8,1848.4
D,2015-02-02,24,1672.1,1691.3
D,2015-02-03,01,1583.0,1607.7
D,2015-02-03,02,1530.5,1569.4
D,2015-02-03,03,1522.3,1558.5
D,2015-02-03,04,1512.2,1571.8
D,2015-02-03,05,1551.7,1618.1
D,2015-02-03,06,1694.2,1736.7
D,2015-02-03,07,1967.3,1912.8
D,2015-02-03,08,2059.0,2028.7
D,2015-02-03,09,2000.8,2076.6
D,2015-02-03,10,2001.0,2078.7
D,2015-02-03,11,1987.5,2073.5
D,2015-02-03,12,2003.8,2052.9
D,2015-02-03,13,1982.2,2026.9
D,2015-02-03,14,1935.5,1994.4
D,2015-02-03,15,1961.7,1965.3
D,2015-02-03,16,1965.3,1975.3
D,2015-02-03,17,2060.4,2062.4
D,2015-02-03,18,2233.2,2258.9
D,2015-02-03,19,2285.9,2327.9
D,2015-02-03,20,2232.6,2291.5
D,2015-02-03,21,2108.6,2210.8
D,2015-02-03,22,1962.7,2061.0
D,2015-02-03,23,1813.0,1883.3
D,2015-02-03,24,1654.0,1732.4
D,2015-02-04,01,1544.5,1644.7
D,2015-02-04,02,1502.0,1601.2
D,2015-02-04,03,1505.5,1584.6
D,2015-02-04,04,1504.7,1585.6
D,2015-02-04,05,1517.0,1624.5
D,2015-02-04,06,1632.0,1749.4
D,2015-02-04,07,1873.9,1970.6
D,2015-02-04,08,1939.7,2065.4
D,2015-02-04,09,1939.1,2067.7
D,2015-02-04,10,1919.2,2049.9
D,2015-02-04,11,1902.8,2022.1
D,2015-02-04,12,1884.1,2004.7
D,2015-02-04,13,1857.9,1953.0
D,2015-02-04,14,1835.6,1924.9
D,2015-02-04,15,1830.3,1906.4
D,2015-02-04,16,1847.6,1921.5
D,2015-02-04,17,1936.9,1984.3
D,2015-02-04,18,2114.2,2148.8
D,2015-02-04,19,2149.9,2182.6
D,2015-02-04,20,2083.1,2137.3
D,2015-02-04,21,1985.7,2046.3
D,2015-02-04,22,1836.4,1890.9
D,2015-02-04,23,1641.2,1702.1
D,2015-02-04,24,1483.9,1536.2
D,2015-02-05,01,1386.0,1437.7
D,2015-02-05,02,1336.2,1384.2
D,2015-02-05,03,1327.4,1359.5
D,2015-02-05,04,1305.7,1356.6
D,2015-02-05,05,1347.4,1397.1
D,2015-02-05,06,1478.7,1525.4
D,2015-02-05,07,1780.7,1755.5
D,2015-02-05,08,1827.5,1861.4
D,2015-02-05,09,1844.0,1881.4
D,2015-02-05,10,1855.8,1912.7
D,2015-02-05,11,1881.8,1949.9
D,2015-02-05,12,1895.3,1979.9
D,2015-02-05,13,1888.7,1985.3
D,2015-02-05,14,1858.4,1992.1
D,2015-02-05,15,1858.9,1999.1
D,2015-02-05,16,1881.8,2011.8
D,2015-02-05,17,1989.4,2065.3
D,2015-02-05,18,2213.6,2254.4
D,2015-02-05,19,2264.8,2333.3
D,2015-02-05,20,2219.0,2310.1
D,2015-02-05,21,2129.5,2247.0
D,2015-02-05,22,2009.7,2111.9
D,2015-02-05,23,1836.5,1935.1
D,2015-02-05,24,1688.4,1786.1
D,2015-02-06,01,1633.3,1707.8
D,2015-02-06,02,1592.3,1672.1
D,2015-02-06,03,1571.1,1660.6
D,2015-02-06,04,1565.4,1658.5
D,2015-02-06,05,1614.7,1707.3
D,2015-02-06,06,1756.6,1844.6
D,2015-02-06,07,1975.1,2067.0
D,2015-02-06,08,2100.1,2164.9
D,2015-02-06,09,2062.1,2150.5
D,2015-02-06,10,2052.1,2119.6
D,2015-02-06,11,2042.6,2083.1
D,2015-02-06,12,1990.8,2061.2
D,2015-02-06,13,1989.5,2033.9
D,2015-02-06,14,1946.9,2026.6
D,2015-02-06,15,1926.5,2023.3
D,2015-02-06,16,1927.0,2006.7
D,2015-02-06,17,2033.5,2071.4
D,2015-02-06,18,2190.9,2235.1
D,2015-02-06,19,2215.8,2281.7
D,2015-02-06,20,2166.4,2238.5
D,2015-02-06,21,2077.8,2171.0
D,2015-02-06,22,1948.6,2062.4
D,2015-02-06,23,1795.4,1912.6
D,2015-02-06,24,1635.6,1767.4
D,2015-02-07,01,1532.3,1660.2
D,2015-02-07,02,1485.4,1598.7
D,2015-02-07,03,1454.9,1566.3
D,2015-02-07,04,1436.5,1554.0
D,2015-02-07,05,1450.0,1562.0
D,2015-02-07,06,1499.0,1609.7
D,2015-02-07,07,1596.3,1700.2
D,2015-02-07,08,1666.5,1791.7
D,2015-02-07,09,1764.2,1886.9
D,2015-02-07,10,1834.5,1927.6
D,2015-02-07,11,1840.7,1942.6
D,2015-02-07,12,1819.0,1940.1
D,2015-02-07,13,1789.8,1920.0
D,2015-02-07,14,1759.7,1917.3
D,2015-02-07,15,1742.9,1907.8
D,2015-02-07,16,1766.4,1917.4
D,2015-02-07,17,1909.8,1978.4
D,2015-02-07,18,2007.3,2107.8
D,2015-02-07,19,2013.2,2112.4
D,2015-02-07,20,1964.1,2047.8
D,2015-02-07,21,1884.2,1973.6
D,2015-02-07,22,1778.4,1865.1
D,2015-02-07,23,1646.3,1732.4
D,2015-02-07,24,1520.6,1596.3
D,2015-02-08,01,1440.6,1498.2
D,2015-02-08,02,1392.2,1442.3
D,2015-02-08,03,1352.9,1405.4
D,2015-02-08,04,1334.0,1392.3
D,2015-02-08,05,1344.4,1396.7
D,2015-02-08,06,1399.3,1413.0
D,2015-02-08,07,1443.7,1472.7
D,2015-02-08,08,1495.6,1559.4
D,2015-02-08,09,1591.7,1677.2
D,2015-02-08,10,1661.4,1779.4
D,2015-02-08,11,1732.6,1836.4
D,2015-02-08,12,1732.5,1855.6
D,2015-02-08,13,1717.7,1863.9
D,2015-02-08,14,1703.4,1848.4
D,2015-02-08,15,1692.4,1838.5
D,2015-02-08,16,1719.7,1873.6
D,2015-02-08,17,1822.6,1980.9
D,2015-02-08,18,1995.9,2145.1
D,2015-02-08,19,2001.1,2149.9
D,2015-02-08,20,1947.7,2071.7
D,2015-02-08,21,1854.2,1989.6
D,2015-02-08,22,1757.6,1863.3
D,2015-02-08,23,1620.2,1733.6
D,2015-02-08,24,1498.8,1608.7
D,2015-02-09,01,1407.7,1516.8
D,2015-02-09,02,1385.9,1465.5
D,2015-02-09,03,1367.2,1441.8
D,2015-02-09,04,1348.0,1440.9
D,2015-02-09,05,1366.8,1478.8
D,2015-02-09,06,1492.9,1563.1
D,2015-02-09,07,1717.8,1696.8
D,2015-02-09,08,1832.2,1805.4
D,2015-02-09,09,1834.6,1905.9
D,2015-02-09,10,1846.0,1998.2
D,2015-02-09,11,1869.9,2060.3
D,2015-02-09,12,1868.9,2092.4
D,2015-02-09,13,1861.2,2110.7
D,2015-02-09,14,1858.7,2089.2
D,2015-02-09,15,1838.7,2044.9
D,2015-02-09,16,1849.3,2026.4
D,2015-02-09,17,1948.6,2095.0
D,2015-02-09,18,2112.5,2255.9
D,2015-02-09,19,2134.4,2263.0
D,2015-02-09,20,2095.0,2175.0
D,2015-02-09,21,1996.5,2060.1
D,2015-02-09,22,1851.4,1915.1
D,2015-02-09,23,1657.5,1756.8
D,2015-02-09,24,1514.1,1613.4
D,2015-02-10,01,1488.9,1526.9
D,2015-02-10,02,1456.5,1481.8
D,2015-02-10,03,1437.9,1464.9
D,2015-02-10,04,1421.1,1464.2
D,2015-02-10,05,1439.7,1502.0
D,2015-02-10,06,1571.9,1610.1
D,2015-02-10,07,1793.0,1769.0
D,2015-02-10,08,1891.7,1896.0
D,2015-02-10,09,1899.0,1982.6
D,2015-02-10,10,1889.6,2031.5
D,2015-02-10,11,1886.5,2052.5
D,2015-02-10,12,1887.9,2057.4
D,2015-02-10,13,1871.4,2038.4
D,2015-02-10,14,1852.0,2016.3
D,2015-02-10,15,1817.6,1998.1
D,2015-02-10,16,1834.0,1982.8
D,2015-02-10,17,1923.4,2031.3
D,2015-02-10,18,2086.1,2206.1
D,2015-02-10,19,2137.3,2258.6
D,2015-02-10,20,2104.4,2200.6
D,2015-02-10,21,2021.8,2104.7
D,2015-02-10,22,1879.2,1949.8
D,2015-02-10,23,1709.8,1762.4
D,2015-02-10,24,1555.2,1611.5
D,2015-02-11,01,1490.4,1520.4
D,2015-02-11,02,1441.1,1473.8
D,2015-02-11,03,1421.6,1460.9
D,2015-02-11,04,1426.7,1465.7
D,2015-02-11,05,1457.8,1509.1
D,2015-02-11,06,1584.4,1624.6
D,2015-02-11,07,1800.5,1839.1
D,2015-02-11,08,1886.6,1949.8
D,2015-02-11,09,1907.5,1983.8
D,2015-02-11,10,1921.0,2009.6
D,2015-02-11,11,1928.9,2019.8
D,2015-02-11,12,1936.5,2027.1
D,2015-02-11,13,1925.2,2018.7
D,2015-02-11,14,1902.5,2014.3
D,2015-02-11,15,1891.1,1992.3
D,2015-02-11,16,1907.7,2000.5
D,2015-02-11,17,1988.4,2065.1
D,2015-02-11,18,2153.5,2213.5
D,2015-02-11,19,2207.5,2261.3
D,2015-02-11,20,2155.0,2221.7
D,2015-02-11,21,2075.6,2139.3
D,2015-02-11,22,1915.2,1996.6
D,2015-02-11,23,1737.2,1808.6
D,2015-02-11,24,1592.6,1650.4
D,2015-02-12,01,1572.3,1554.6
D,2015-02-12,02,1537.5,1501.6
D,2015-02-12,03,1520.4,1484.1
D,2015-02-12,04,1523.9,1489.3
D,2015-02-12,05,1541.5,1533.9
D,2015-02-12,06,1669.2,1661.6
D,2015-02-12,07,1888.1,1872.4
D,2015-02-12,08,1987.1,1974.4
D,2015-02-12,09,1984.3,1995.5
D,2015-02-12,10,1982.5,2021.1
D,2015-02-12,11,1975.8,2022.9
D,2015-02-12,12,1972.1,2003.5
D,2015-02-12,13,1951.9,1984.7
D,2015-02-12,14,1927.7,1969.4
D,2015-02-12,15,1914.8,1947.6
D,2015-02-12,16,1934.2,1954.7
D,2015-02-12,17,2022.8,2019.5
D,2015-02-12,18,2183.0,2151.8
D,2015-02-12,19,2214.0,2203.7
D,2015-02-12,20,2178.1,2168.7
D,2015-02-12,21,2093.8,2103.5
D,2015-02-12,22,1951.2,1969.6
D,2015-02-12,23,1778.9,1781.2
D,2015-02-12,24,1625.4,1625.8
D,2015-02-13,01,1548.5,1537.5
D,2015-02-13,02,1509.6,1498.0
D,2015-02-13,03,1503.4,1487.0
D,2015-02-13,04,1507.8,1505.2
D,2015-02-13,05,1546.6,1562.3
D,2015-02-13,06,1685.1,1705.9
D,2015-02-13,07,1941.3,1930.5
D,2015-02-13,08,2014.2,2042.3
D,2015-02-13,09,2045.7,2069.5
D,2015-02-13,10,2064.2,2083.8
D,2015-02-13,11,2082.2,2079.7
D,2015-02-13,12,2085.0,2059.9
D,2015-02-13,13,2065.8,2027.5
D,2015-02-13,14,2040.6,2008.8
D,2015-02-13,15,2023.4,1990.2
D,2015-02-13,16,2014.4,2000.6
D,2015-02-13,17,2076.0,2061.8
D,2015-02-13,18,2243.8,2214.8
D,2015-02-13,19,2280.7,2294.0
D,2015-02-13,20,2228.0,2263.9
D,2015-02-13,21,2141.6,2210.8
D,2015-02-13,22,2024.4,2100.1
D,2015-02-13,23,1885.2,1961.4
D,2015-02-13,24,1734.0,1830.1
D,2015-02-14,01,1638.7,1732.0
D,2015-02-14,02,1586.0,1667.3
D,2015-02-14,03,1564.6,1644.0
D,2015-02-14,04,1583.8,1629.1
D,2015-02-14,05,1579.1,1651.8
D,2015-02-14,06,1638.8,1710.0
D,2015-02-14,07,1739.8,1810.3
D,2015-02-14,08,1852.4,1909.0
D,2015-02-14,09,1918.4,1990.9
D,2015-02-14,10,1938.9,2021.6
D,2015-02-14,11,1970.3,2029.5
D,2015-02-14,12,1959.2,2015.8
D,2015-02-14,13,1910.4,1999.7
D,2015-02-14,14,1883.5,1978.3
D,2015-02-14,15,1850.2,1957.9
D,2015-02-14,16,1861.9,1967.8
D,2015-02-14,17,1917.5,2028.2
D,2015-02-14,18,2090.8,2171.1
D,2015-02-14,19,2079.9,2183.0
D,2015-02-14,20,2018.6,2117.4
D,2015-02-14,21,1930.0,2009.9
D,2015-02-14,22,1818.2,1875.4
D,2015-02-14,23,1689.1,1741.7
D,2015-02-14,24,1554.2,1620.5
T,1080 lines